,a√±o,vacaciones,sensacion_termica,humedad,viento,casuales,mes_map,estacion_map,dia_semana_map,clima_map,laborable_map
0,0,1,18.18125,80.5833,10.749882,331,0,0,1,1,0
1,0,0,17.68695,69.6087,16.652113,131,0,0,1,1,1
2,0,0,9.47025,43.7273,16.636703,120,0,0,0,2,1
3,0,0,10.6061,59.0435,10.739832,108,0,0,0,2,1
4,0,0,11.4635,43.6957,12.5223,82,0,0,0,2,1
5,0,0,11.66045,51.8261,6.0008684,88,0,0,0,2,0
6,0,0,10.44195,49.8696,11.304642,148,0,0,1,1,0
7,0,0,8.1127,53.5833,17.875868,68,0,0,1,1,1
8,0,0,5.80875,43.4167,24.25065,54,0,0,1,2,1
9,0,0,7.5444,48.2917,14.958889,41,0,0,0,2,1
10,0,0,9.5732,68.6364,8.182844,43,0,0,0,1,1
11,0,0,8.02365,59.9545,20.410009,25,0,0,0,2,1
12,0,0,7.54415,47.0417,20.167,38,0,0,0,2,0
13,0,0,9.42065,53.7826,8.478716,54,0,0,1,2,0
14,0,1,12.4056,49.875,10.583521,222,0,0,1,1,0
15,0,0,11.71085,48.375,12.625011,251,0,0,1,2,1
16,0,0,8.83855,53.75,12.999139,117,0,0,0,1,1
17,0,0,11.61665,86.1667,9.833925,9,0,0,0,1,1
18,0,0,14.9211,74.1739,13.957239,78,0,0,0,1,1
19,0,0,12.7525,53.8333,13.125568,83,0,0,0,1,0
20,0,0,7.89165,45.7083,23.667214,75,0,0,1,2,0
21,0,0,3.95348,40.0,11.52199,93,0,0,1,2,1
22,0,0,4.941955,43.6522,16.5222,150,0,0,1,2,1
23,0,0,5.8965,49.1739,10.60811,86,0,0,0,2,1
24,0,0,11.7263,61.6957,8.696332,186,0,0,0,1,1
25,0,0,10.18,86.25,19.68795,34,0,0,0,0,1
26,0,0,10.985,68.75,7.627079,15,0,0,0,2,0
27,0,0,11.16585,79.3043,8.2611,38,0,0,1,1,0
28,0,0,10.6063,65.1739,9.739455,123,0,0,1,2,1
29,0,0,12.5161,72.2174,4.9568342,140,0,0,1,2,1
30,0,0,9.3125,60.375,12.541864,42,0,0,0,1,1
31,0,0,11.7265,82.9565,3.565271,47,0,0,0,1,1
32,0,0,12.72085,77.5417,17.708636,72,0,0,0,1,1
33,0,0,8.8939,43.7826,18.609384,61,0,0,0,2,0
34,0,0,11.42935,58.5217,8.565213,88,0,0,1,1,0
35,0,0,12.1529,92.9167,10.792293,100,0,0,1,1,1
36,0,0,14.58355,56.8333,9.5006,354,0,0,1,2,1
37,0,0,15.1829,73.8333,3.0423561,120,0,0,0,2,1
38,0,0,9.9123,53.7917,24.25065,64,0,0,0,2,1
39,0,0,7.21415,49.4783,12.652213,53,0,0,0,1,1
40,0,0,7.4774,43.7391,14.869645,47,0,0,0,2,0
41,0,0,10.67545,50.6364,7.27285,149,0,0,1,2,0
42,0,0,11.6477,54.4167,13.625589,288,0,0,1,2,1
43,0,1,16.20565,45.7391,17.479161,397,0,0,1,2,0
44,0,0,19.9175,37.5833,27.999836,208,0,0,0,2,1
45,0,0,12.7137,31.4348,19.522058,140,0,0,0,2,1
46,0,0,15.81,42.3478,16.869997,218,0,0,0,2,1
47,0,0,21.4329,50.5,15.416968,259,0,0,0,2,0
48,0,0,25.59915,51.6667,17.749975,579,0,0,1,2,0
49,0,1,19.5702,18.7917,34.000021,532,0,0,1,2,0
50,0,0,13.8665,40.7826,14.956745,639,0,0,1,2,1
51,0,0,14.20375,60.5,20.625682,195,0,0,0,1,1
52,0,0,9.30165,57.7778,13.110761,74,0,0,0,2,1
53,0,0,12.28585,42.3043,6.305571,139,0,0,0,2,1
54,0,0,14.45955,69.7391,16.783232,100,0,0,0,1,0
55,0,0,17.52305,71.2174,23.218113,120,0,0,1,1,0
56,0,0,14.1096,53.7917,12.500257,424,0,0,1,2,1
57,0,0,17.55545,68.0,8.391616,694,0,0,1,2,1
58,0,0,20.0059,87.6364,19.408962,81,0,0,0,1,1
59,0,0,13.19395,53.5,14.500475,137,1,0,0,2,1
60,0,0,16.00355,44.9583,20.624811,231,1,0,0,2,1
61,0,0,10.00665,31.8333,15.125518,123,1,0,0,2,0
62,0,0,12.78395,61.0417,13.624182,214,1,0,1,1,0
63,0,0,18.93895,78.9167,16.875357,640,1,0,1,1,1
64,0,0,18.3126,94.8261,23.000229,114,1,0,1,1,1
65,0,0,11.92305,55.1304,22.870584,244,1,0,0,2,1
66,0,0,15.12,42.0833,8.08355,316,1,0,0,2,1
67,0,0,14.3304,77.5417,14.75005,191,1,0,0,1,1
68,0,0,19.2834,0.0,17.545759,46,1,0,0,0,0
69,0,0,15.25,64.9565,15.60899,247,1,0,1,1,0
70,0,0,16.2875,59.4583,14.791925,724,1,0,1,2,1
71,0,0,19.00455,52.7391,18.130468,982,1,0,1,2,1
72,0,0,16.6,49.6957,9.174042,359,1,0,0,2,1
73,0,0,15.9089,65.5652,12.348703,289,1,0,0,1,1
74,0,0,18.3465,77.6522,13.608839,321,1,0,0,1,1
75,0,0,20.51665,60.2917,14.041793,424,1,0,0,2,0
76,0,0,26.35045,52.5217,15.478139,884,1,0,1,2,0
77,0,0,23.32625,37.9167,24.667189,1424,1,0,1,2,1
78,0,0,16.2875,47.375,13.917307,1047,1,0,1,2,1
79,0,0,20.48675,73.7391,19.348461,401,1,2,0,1,1
80,0,0,22.0321,62.4583,15.12525,460,1,2,0,2,1
81,0,0,16.89695,83.9565,15.695487,203,1,2,0,1,1
82,0,0,13.54165,80.5833,16.333729,166,1,2,0,1,0
83,0,0,12.8156,49.5,15.458575,300,1,2,1,2,0
84,0,0,12.87855,39.4167,14.041257,981,1,2,1,2,1
85,0,0,12.51695,49.3913,12.3481,472,1,2,1,1,1
86,0,0,12.8787,30.2174,14.217668,222,1,2,0,2,1
87,0,0,14.6454,31.4167,15.208732,317,1,2,0,2,1
88,0,0,14.8675,64.6667,11.583496,168,1,2,0,1,1
89,0,1,12.87875,91.8333,14.582282,179,1,2,0,0,0
90,0,0,14.1727,68.625,17.333436,307,2,2,1,1,0
91,0,0,15.78185,65.375,13.208782,898,2,2,1,1,1
92,0,0,18.93835,48.0,12.208271,1651,2,2,1,2,1
93,0,0,27.14645,42.625,25.833257,734,2,2,0,2,1
94,0,0,19.9175,64.2083,26.000489,167,2,2,0,1,1
95,0,0,19.3804,47.0833,17.625221,413,2,2,0,2,1
96,0,0,21.6848,60.2917,10.874904,571,2,2,0,2,0
97,0,0,16.22395,83.625,15.208464,172,2,2,1,1,0
98,0,0,17.07645,87.75,8.916561,879,2,2,1,1,1
99,0,0,21.33685,85.75,9.833389,1188,2,2,1,1,1
100,0,0,28.26085,71.6956,21.739758,855,2,2,0,1,1
101,0,0,24.6527,73.9167,18.416893,257,2,2,0,1,1
102,0,0,20.86415,81.9167,16.791339,209,2,2,0,1,1
103,0,0,23.1371,54.0417,7.4169,529,2,2,0,2,0
104,0,0,22.09565,67.125,15.167125,642,2,2,1,2,0
105,0,0,21.2746,88.8333,22.834136,121,2,2,1,0,1
106,0,0,22.2848,47.9583,20.334232,1558,2,2,1,2,1
107,0,0,25.1573,54.25,10.958989,669,2,2,0,2,1
108,0,0,24.4629,66.5833,10.584057,409,2,2,0,1,1
109,0,0,28.2196,61.4167,16.208975,613,2,2,0,2,1
110,0,0,22.6946,40.7083,21.792286,745,2,2,0,2,0
111,0,0,16.0977,72.9583,14.707907,177,2,2,1,1,0
112,0,0,22.50605,88.7917,15.458575,1462,2,2,1,1,1
113,0,0,27.58815,81.0833,12.875725,1710,2,2,1,1,1
114,0,0,28.725,77.6667,12.417311,773,2,2,0,2,1
115,0,0,29.70415,72.9167,21.8755,678,2,2,0,2,1
116,0,0,28.7571,83.5417,20.9174,547,2,2,0,1,1
117,0,0,28.94645,70.0833,21.500836,569,2,2,0,1,0
118,0,0,24.87315,45.7083,16.084221,878,2,2,1,2,0
119,0,0,23.20105,50.3333,15.750025,1965,2,2,1,2,1
120,0,0,22.4102,76.2083,7.125718,1138,3,2,1,1,1
121,0,0,26.64165,73.0,12.291418,847,3,2,0,1,1
122,0,0,29.10395,69.7083,22.958689,603,3,2,0,1,1
123,0,0,20.2325,73.7083,22.042732,255,3,2,0,1,1
124,0,0,22.09585,44.4167,19.791264,614,3,2,0,2,0
125,0,0,23.70585,59.0,15.292482,894,3,2,1,2,0
126,0,0,25.63105,54.125,10.75015,1612,3,2,1,2,1
127,0,0,25.94665,63.1667,5.0007125,1401,3,2,1,2,1
128,0,0,26.2623,58.875,11.792,664,3,2,0,2,1
129,0,0,26.13605,48.9167,7.749957,694,3,2,0,2,1
130,0,0,26.42,63.2917,8.083014,550,3,2,0,2,1
131,0,0,26.16815,74.75,12.707689,695,3,2,0,2,0
132,0,0,24.715,86.3333,12.041575,692,3,2,1,1,0
133,0,0,25.03145,92.25,9.04165,902,3,2,1,1,1
134,0,0,26.8,86.7083,10.249593,1582,3,2,1,1,1
135,0,0,27.5256,78.7917,8.500357,773,3,2,0,2,1
136,0,0,26.92645,83.7917,18.582718,678,3,2,0,1,1
137,0,0,26.3579,87.0,13.499964,536,3,2,0,1,1
138,0,0,25.5371,82.9583,7.250271,735,3,2,0,1,0
139,0,0,26.4521,71.9583,8.375871,909,3,2,1,2,0
140,0,0,28.59875,62.6667,8.08355,2258,3,2,1,2,1
141,0,0,28.725,74.9583,9.916536,1576,3,2,1,2,1
142,0,0,29.5148,81.0,15.667414,836,3,2,0,1,1
143,0,0,30.24065,74.0833,13.875164,659,3,2,0,1,1
144,0,0,30.7771,69.625,10.333611,740,3,2,0,2,1
145,0,0,32.7344,67.75,13.376014,758,3,2,0,2,0
146,0,0,31.8504,65.375,16.125493,871,3,2,1,2,0
147,0,1,30.61895,72.9583,15.416164,2001,3,2,1,2,0
148,0,0,30.7775,81.875,14.333846,2355,3,2,1,2,1
149,0,0,33.5546,68.5,8.792075,1549,3,2,0,2,1
150,0,0,36.26915,63.6667,7.459043,673,3,2,0,2,1
151,0,0,36.04835,67.7083,13.875164,513,3,2,0,1,1
152,0,0,32.1971,30.5,19.583229,736,3,2,0,2,0
153,0,0,29.35665,35.4167,16.959107,898,3,2,1,2,0
154,0,0,29.7348,45.625,8.250514,1869,3,2,1,2,1
155,0,0,30.8402,65.25,9.292364,1685,3,2,1,1,1
156,0,0,31.0929,60.0,8.167032,673,3,2,0,2,1
157,0,0,32.7975,59.7917,12.583136,763,3,2,0,2,1
158,0,0,36.36395,62.2083,9.166739,676,3,2,0,2,1
159,0,0,37.87895,56.8333,10.042161,563,3,2,0,1,0
160,0,0,35.1646,60.5,9.417118,815,3,2,1,2,0
161,0,0,33.9019,65.4583,10.37495,1729,3,2,1,2,1
162,0,0,32.16625,74.7917,10.958989,1467,3,2,1,2,1
163,0,0,30.0827,49.4583,20.45845,863,3,2,0,2,1
164,0,0,29.5773,50.7083,18.041961,727,3,2,0,2,1
165,0,0,29.3877,47.1667,11.250104,769,3,2,0,2,1
166,0,0,29.7673,68.8333,13.833557,545,3,2,0,1,0
167,0,0,30.01915,73.5833,9.582943,863,3,2,1,2,0
168,0,0,32.1977,67.0417,8.000336,1807,3,2,1,2,1
169,0,0,32.2923,66.6667,6.834,1639,3,2,1,1,1
170,0,0,29.7673,74.625,10.416825,699,3,2,0,1,1
171,0,0,31.8823,77.0417,11.458675,774,3,2,0,1,1
172,0,0,34.69145,70.75,11.541554,661,3,2,0,2,1
173,0,0,34.69165,70.3333,15.999868,746,3,2,0,1,0
174,0,0,32.82915,57.3333,14.875675,969,3,2,1,2,0
175,0,0,32.16565,48.3333,14.041257,1782,3,2,1,2,1
176,0,0,31.88145,51.3333,6.3337311,1920,3,2,1,2,1
177,0,0,31.8502,65.8333,7.208396,854,3,2,0,1,1
178,0,0,34.6279,63.4167,9.666961,732,3,2,0,2,1
179,0,0,32.7344,49.7917,17.542007,848,3,2,0,2,1
180,0,0,31.8504,43.4167,12.415904,1027,3,2,0,2,0
181,0,0,32.6081,39.625,6.874736,1246,3,2,1,2,0
182,0,0,33.3654,44.4583,7.709154,2204,3,2,1,2,1
183,0,0,33.42875,68.25,15.333486,2282,3,2,1,1,1
184,0,1,33.27085,63.7917,5.4591064,3065,3,2,0,1,0
185,0,1,34.8169,59.0417,8.459286,1031,3,2,0,2,0
186,0,0,34.28165,74.3333,10.042161,784,3,2,0,2,1
187,0,0,34.34355,65.125,10.6664,754,3,2,0,2,0
188,0,0,33.52415,75.7917,15.083643,692,3,2,1,1,0
189,0,0,33.2079,60.9167,11.250104,1988,3,2,1,2,1
190,0,0,34.50125,57.8333,12.292557,1743,3,2,1,2,1
191,0,0,36.4902,63.5833,18.916579,723,3,2,0,2,1
192,0,0,36.96375,55.9167,13.417018,662,3,2,0,2,1
193,0,0,34.4702,63.1667,9.790911,748,3,2,0,2,1
194,0,0,31.7552,47.625,16.124689,888,3,2,0,2,0
195,0,0,31.21855,59.125,12.249811,1318,3,2,1,2,0
196,0,0,31.91315,58.5,13.958914,2418,3,2,1,2,1
197,0,0,33.49165,60.4167,16.417211,2006,3,2,1,2,1
198,0,0,35.19625,65.125,14.458868,841,3,2,0,2,1
199,0,0,37.37395,65.0417,8.7502,752,3,2,0,2,1
200,0,0,37.3425,70.7083,7.625739,644,3,2,0,2,1
201,0,0,41.31855,69.125,14.875407,632,3,2,0,1,0
202,0,0,42.0448,58.0417,8.9177,562,3,2,1,2,0
203,0,0,40.21435,50.0,8.791807,987,3,2,1,2,1
204,0,0,39.74145,55.0833,11.334457,1050,3,2,1,2,1
205,0,0,36.0479,75.7083,6.0841561,568,3,2,0,2,1
206,0,0,34.84895,54.0833,13.417286,750,3,2,0,2,1
207,0,0,34.53335,40.2917,12.292021,755,3,2,0,2,1
208,0,1,36.995,58.3333,11.958093,606,3,2,0,2,0
209,0,0,39.29835,54.25,11.667246,670,3,2,1,2,0
210,0,0,36.42685,46.5833,11.291979,1559,3,2,1,2,1
211,0,0,36.4898,48.0833,11.042471,1524,3,2,1,2,1
212,0,0,35.1646,55.0833,10.500039,729,3,2,0,2,1
213,0,0,35.35355,49.125,13.79195,801,3,2,0,2,1
214,0,0,33.99685,65.75,9.084061,467,3,2,0,1,1
215,0,0,33.2394,75.75,13.20905,799,3,2,0,1,0
216,0,0,32.82835,63.0833,12.374632,1023,3,2,1,2,0
217,0,0,33.8077,75.5,15.29275,1521,3,2,1,1,1
218,0,0,35.7646,75.2917,13.499629,1298,3,2,1,2,1
219,0,0,35.16415,59.2083,12.875725,846,3,2,0,2,1
220,0,0,36.20605,57.0417,10.125107,907,3,2,0,2,1
221,0,0,34.24915,42.4167,13.417286,884,3,2,0,2,1
222,0,0,32.57605,42.375,11.041332,812,3,2,0,2,0
223,0,0,32.7021,41.5,8.416607,1051,3,2,1,2,0
224,0,0,32.2929,72.9583,14.167418,1504,3,2,1,1,1
225,0,0,31.2194,81.75,14.916411,1338,3,2,1,1,1
226,0,0,30.80835,71.2083,13.999918,775,3,2,0,2,1
227,0,0,32.29185,57.8333,15.834043,721,3,2,0,2,1
228,0,0,33.33355,57.5417,9.625689,668,3,2,0,2,1
229,0,0,33.1129,65.4583,15.624936,639,3,2,0,2,0
230,0,0,31.66105,72.2917,9.333636,797,3,2,1,1,0
231,0,0,32.4498,67.4167,6.999289,1914,3,2,1,2,1
232,0,0,33.77625,77.0,16.666518,1249,3,2,1,2,1
233,0,0,31.9127,47.0,18.54225,833,3,2,0,2,1
234,0,0,30.30335,45.5417,9.833121,1281,3,2,0,2,1
235,0,0,31.5346,60.5,16.958236,949,3,2,0,2,1
236,0,0,32.2927,77.1667,14.125811,435,3,2,0,1,0
237,0,0,32.98665,76.125,5.6254875,768,3,2,1,2,0
238,0,0,31.7778,85.0,25.166339,226,3,2,1,1,1
239,0,0,32.39795,56.1765,20.412153,1415,3,2,1,2,1
240,0,0,30.3979,55.4583,10.708275,729,3,2,0,2,1
241,0,0,29.7352,54.8333,8.375536,775,3,2,0,2,1
242,0,0,30.55605,59.7917,5.5833311,688,3,2,0,2,1
243,0,0,30.74605,63.9167,9.500332,783,3,2,0,2,0
244,0,0,30.2404,72.7083,9.375243,875,3,2,1,1,0
245,0,1,31.66065,71.6667,12.416775,1935,3,2,1,2,0
246,0,0,33.27145,74.2083,13.833289,2521,3,2,1,2,1
247,0,0,31.2823,79.0417,14.250632,1236,3,2,0,1,1
248,0,0,25.76,88.6957,23.044181,204,3,2,0,0,1
249,0,0,27.21145,91.7083,6.5003936,118,3,2,0,0,1
250,0,0,27.76805,93.9565,12.914116,153,3,2,0,0,0
251,0,0,28.9473,89.7917,8.333393,417,3,2,1,1,0
252,0,0,30.3981,75.375,10.291736,1750,3,2,1,2,1
253,0,0,30.46145,71.375,7.708618,1633,3,2,1,2,1
254,0,0,30.1065,69.2174,5.957171,690,3,2,0,2,1
255,0,0,30.1777,71.25,9.500868,701,3,2,0,2,1
256,0,0,31.345,69.7083,11.2091,647,3,2,0,2,1
257,0,0,27.68355,70.9167,18.166782,428,3,2,0,1,0
258,0,0,23.07375,59.0417,11.000261,742,3,2,1,1,0
259,0,0,23.9256,71.8333,12.708225,1434,3,2,1,1,1
260,0,0,24.52685,69.5,11.958361,1353,3,2,1,2,1
261,0,0,26.48375,69.0,10.166714,691,3,2,0,1,1
262,0,0,26.61085,88.125,9.041918,438,3,2,0,1,1
263,0,0,27.52665,90.0,6.4590814,539,3,2,0,1,1
264,0,0,27.74815,90.2083,8.584375,555,3,2,0,1,0
265,0,0,26.10625,97.25,5.2505689,258,3,1,1,1,0
266,0,0,28.2206,86.25,5.2516811,1776,3,1,1,1,1
267,0,0,28.63185,84.5,3.3754064,1544,3,1,1,1,1
268,0,0,29.4521,84.8333,7.4169,684,3,1,0,1,1
269,0,0,28.72625,88.5417,7.917457,477,3,1,0,1,1
270,0,0,28.7579,84.875,9.958143,480,3,1,0,1,1
271,0,0,28.7256,69.9167,11.583161,653,3,1,0,2,0
272,0,0,27.24145,64.75,13.833825,830,3,1,1,2,0
273,0,0,20.64315,75.375,19.583832,480,2,1,1,1,1
274,0,0,17.26585,79.1667,14.874871,616,2,1,1,1,1
275,0,0,19.6023,76.0833,5.5841686,330,2,1,0,1,1
276,0,0,23.6429,71.0,13.792218,486,2,1,0,2,1
277,0,0,26.3569,64.7917,11.87575,559,2,1,0,2,1
278,0,0,24.02125,62.0833,9.041918,639,2,1,0,2,0
279,0,0,25.2202,68.4167,1.5002439,949,2,1,1,2,0
280,0,1,25.6621,70.125,3.0420814,2235,2,1,1,2,0
281,0,0,26.19915,72.75,4.25115,2397,2,1,1,2,1
282,0,0,27.14625,73.375,2.8343814,1514,2,1,0,2,1
283,0,0,27.3048,80.875,9.583814,667,2,1,0,1,1
284,0,0,25.88585,90.625,16.62605,217,2,1,0,0,1
285,0,0,27.5902,89.6667,9.499729,290,2,1,0,1,0
286,0,0,26.48375,71.625,15.000161,529,2,1,1,1,0
287,0,0,24.93625,48.3333,17.291561,1899,2,1,1,2,1
288,0,0,25.1577,48.6667,18.875039,1748,2,1,1,2,1
289,0,0,25.53625,57.9583,11.750393,713,2,1,0,2,1
290,0,0,26.13605,70.1667,7.375829,637,2,1,0,1,1
291,0,0,25.6924,89.5217,16.303713,254,2,1,0,0,1
292,0,0,23.32625,63.625,28.292425,471,2,1,0,2,0
293,0,0,21.1798,57.4167,14.833532,676,2,1,1,2,0
294,0,0,21.2746,62.9167,6.2086689,1499,2,1,1,2,1
295,0,0,21.11665,74.125,6.6673375,1619,2,1,1,2,1
296,0,0,22.85335,77.2083,7.959064,699,2,1,0,2,1
297,0,0,23.16875,62.2917,11.166086,695,2,1,0,2,1
298,0,0,23.6423,72.0417,9.959014,404,2,1,0,1,1
299,0,0,22.8523,81.2917,13.250121,240,2,1,0,1,0
300,0,0,15.9406,58.5833,15.375093,456,2,1,1,1,0
301,0,0,11.39565,88.25,23.541857,57,2,1,1,0,1
302,0,0,16.06645,62.375,11.833339,885,2,1,1,2,1
303,0,0,17.80315,70.3333,7.12545,362,2,1,0,2,1
304,0,0,19.8544,68.375,9.083257,410,1,1,0,2,1
305,0,0,19.50665,71.875,5.5001439,370,1,1,0,2,1
306,0,0,20.29605,70.2083,9.166739,318,1,1,0,2,0
307,0,0,20.1696,62.25,18.209193,470,1,1,1,1,0
308,0,0,16.1927,51.9167,12.667154,1156,1,1,1,2,1
309,0,0,18.1179,73.4583,6.1676314,952,1,1,1,2,1
310,0,0,20.04355,75.875,3.834075,373,1,1,0,2,1
311,0,0,20.6123,72.1667,4.6255125,376,1,1,0,2,1
312,0,0,20.45395,75.8333,4.1671186,305,1,1,0,2,1
313,0,0,18.68605,81.3333,12.667489,190,1,1,0,1,0
314,0,1,15.34085,44.625,21.083225,440,1,1,1,2,0
315,0,1,17.8971,55.2917,14.208154,1275,1,1,1,2,0
316,0,0,21.5275,45.8333,18.875307,1004,1,1,1,2,1
317,0,0,26.2306,58.7083,20.541932,595,1,1,0,2,1
318,0,0,25.37895,68.875,13.375411,449,1,1,0,1,1
319,0,0,22.5994,93.0,9.167543,145,1,1,0,0,1
320,0,0,16.16105,57.5833,20.459254,139,1,1,0,1,0
321,0,0,13.63605,41.0,11.291711,245,1,1,1,2,0
322,0,0,16.22415,50.2083,15.041232,943,1,1,1,2,1
323,0,0,22.8529,68.4583,12.45865,787,1,1,1,1,1
324,0,0,22.2531,91.0,9.249618,220,1,1,0,0,1
325,0,1,21.0848,96.25,7.959064,69,1,1,0,0,0
326,0,0,21.52685,75.7917,22.500275,112,1,1,0,1,1
327,0,1,18.62355,54.9167,11.209368,560,1,1,0,2,0
328,0,0,19.03355,64.375,6.6260186,1095,1,1,1,2,0
329,0,0,19.25435,68.1667,4.5841936,1249,1,1,1,2,1
330,0,0,22.79,69.8333,13.999918,810,1,1,1,2,1
331,0,0,24.5061,74.3043,9.522174,253,1,1,0,2,1
332,0,0,22.56875,83.0833,17.292164,96,1,1,0,1,1
333,0,0,15.56105,61.3333,18.167586,188,1,1,0,2,1
334,0,0,15.2777,52.4583,14.750586,182,0,1,0,2,0
335,0,0,16.57165,62.5833,6.750518,268,0,1,1,2,0
336,0,0,15.5302,61.2917,6.4174811,706,0,1,1,2,1
337,0,0,17.455,77.5833,5.6252061,634,0,1,1,2,1
338,0,0,19.69625,82.7083,4.1679561,233,0,1,0,1,1
339,0,0,22.82,94.9583,15.583061,126,0,1,0,0,1
340,0,0,20.0123,97.0417,17.833725,50,0,1,0,0,1
341,0,0,12.8469,58.0,16.083886,150,0,1,0,2,0
342,0,0,15.8771,69.5833,5.5420189,261,0,1,1,2,0
343,0,0,13.3206,50.75,15.625807,502,0,1,1,2,1
344,0,0,12.6577,49.0,4.4582939,377,0,1,1,2,1
345,0,0,13.5098,67.0833,4.25115,143,0,1,0,2,1
346,0,0,15.0569,59.0,9.41685,155,0,1,0,2,1
347,0,0,16.9181,66.375,4.0842061,178,0,1,0,1,1
348,0,0,20.61185,63.4167,17.958814,181,0,1,0,1,0
349,0,0,17.99125,50.0417,17.458525,178,0,1,1,1,0
350,0,0,12.46855,56.0833,16.292189,275,0,1,1,1,1
351,0,0,12.27895,58.625,11.375193,220,0,1,1,2,1
352,0,0,14.04665,63.75,11.584032,260,0,1,0,2,1
353,0,0,19.8227,59.5417,4.1252436,216,0,1,0,1,1
354,0,0,21.40085,85.8333,14.8338,107,0,0,0,1,1
355,0,0,21.30605,75.75,3.167425,227,0,0,0,1,0
356,0,0,18.87565,68.625,18.374482,163,0,0,1,2,0
357,0,1,14.9621,54.25,12.750368,155,0,0,1,2,0
358,0,1,13.99805,68.1304,10.391097,303,0,0,1,2,0
359,0,0,15.77675,50.6957,16.044155,430,0,0,0,2,1
360,0,0,16.38165,76.25,12.62615,103,0,0,0,1,1
361,0,0,13.9987,50.3913,19.695387,255,0,0,0,2,1
362,0,0,13.1946,57.4167,8.000604,254,0,0,0,2,0
363,0,0,15.9406,63.6667,9.000579,491,0,0,1,2,0
364,0,1,20.70605,61.5833,14.750318,665,0,0,1,2,0
365,1,1,18.78105,69.25,12.875189,686,0,0,1,2,0
366,1,0,12.6152,38.1304,22.087555,244,0,0,0,2,1
367,1,0,6.31375,44.125,24.499957,89,0,0,0,2,1
368,1,0,5.96685,41.4583,12.3749,95,0,0,0,1,1
369,1,0,13.9206,52.4167,8.709129,140,0,0,0,2,0
370,1,0,17.01335,54.2083,11.249836,307,0,0,1,2,0
371,1,0,19.53895,53.1667,11.708786,1070,0,0,1,2,1
372,1,0,17.0129,46.5,12.833314,599,0,0,1,2,1
373,1,0,12.37395,70.1667,6.6263,106,0,0,0,1,1
374,1,0,15.9413,64.6522,12.565984,173,0,0,0,2,1
375,1,0,14.14105,84.75,8.791807,92,0,0,0,1,1
376,1,0,19.0969,80.2917,12.124789,269,0,0,0,1,0
377,1,0,12.4681,50.75,25.333236,174,0,0,1,2,0
378,1,0,9.15435,45.75,12.541261,333,0,0,1,2,1
379,1,0,8.08125,41.9167,16.834286,284,0,0,1,2,1
380,1,0,9.53315,52.25,15.500986,217,0,0,0,2,1
381,1,0,18.2139,71.6087,23.39171,127,0,0,0,1,1
382,1,0,13.7627,44.3333,27.833743,109,0,0,0,2,1
383,1,0,9.5019,49.75,14.750586,130,0,0,0,2,0
384,1,0,11.0479,45.0,13.58425,115,0,0,1,1,0
385,1,1,8.74375,83.125,14.917014,67,0,0,1,1,0
386,1,0,8.1125,79.625,13.375746,196,0,0,1,1,1
387,1,0,12.1529,91.125,7.417436,145,0,0,0,1,1
388,1,0,17.4554,83.5833,8.292389,439,0,0,0,2,1
389,1,0,14.74105,64.375,10.791757,467,0,0,0,2,1
390,1,0,17.8025,76.9583,4.9175186,244,0,0,0,1,0
391,1,0,20.76915,74.125,22.958689,269,0,0,1,1,0
392,1,0,16.31895,54.3333,14.125543,775,0,0,1,2,1
393,1,0,13.63605,31.125,16.08335,558,0,0,1,2,1
394,1,0,13.13125,40.0833,14.458064,126,0,0,0,2,1
395,1,0,19.06585,41.6667,17.541739,324,0,0,0,2,1
396,1,0,23.3269,50.7917,12.667489,304,0,0,0,2,1
397,1,0,19.94855,67.2917,12.541529,190,0,0,0,1,0
398,1,0,15.4673,52.6667,11.959232,310,0,0,1,2,0
399,1,0,13.63625,77.9583,8.167032,384,0,0,1,1,1
400,1,0,13.22605,68.7917,11.791732,318,0,0,1,1,1
401,1,0,14.8213,62.2174,10.3046,206,0,0,0,2,1
402,1,0,18.0552,49.625,9.874393,199,0,0,0,2,1
403,1,0,13.32105,72.2917,8.959307,109,0,0,0,1,1
404,1,0,13.0994,56.2083,13.000479,163,0,0,0,2,0
405,1,0,14.6779,54.0,7.834243,227,0,0,1,1,0
406,1,0,10.54335,73.125,19.416332,192,0,0,1,0,1
407,1,0,5.0829,46.4583,27.417204,73,0,0,1,2,1
408,1,1,11.39565,41.125,11.207961,94,0,0,0,2,0
409,1,0,16.6973,50.875,9.458993,135,0,0,0,1,1
410,1,0,17.58145,53.125,12.1672,141,0,0,0,2,1
411,1,0,16.5081,75.2917,6.125475,74,0,0,0,1,0
412,1,0,17.58145,63.4583,13.791682,349,0,0,1,2,0
413,1,1,17.77125,53.4583,12.792243,1435,0,0,1,2,0
414,1,0,13.2894,51.5833,16.958504,618,0,0,1,1,1
415,1,0,13.66955,50.7826,15.348561,502,0,0,0,2,1
416,1,0,14.75565,59.4348,13.783039,163,0,0,0,2,1
417,1,0,19.63335,56.7917,15.709557,394,0,0,0,2,1
418,1,0,22.2223,55.4583,12.791171,516,0,0,0,2,0
419,1,0,20.54855,73.75,15.916989,246,0,0,1,1,0
420,1,0,12.78375,39.5833,28.250014,317,0,0,1,2,1
421,1,0,13.4154,41.0,13.750343,515,0,0,1,2,1
422,1,0,17.8977,49.0833,17.958211,253,0,0,0,2,1
423,1,0,17.67625,39.5833,12.958939,229,0,0,0,2,1
424,1,0,23.76855,61.5417,15.208129,325,1,0,0,2,1
425,1,0,17.9921,65.7083,9.708568,246,1,0,0,1,0
426,1,0,20.6746,62.125,10.792293,956,1,0,1,1,0
427,1,0,15.15105,40.3333,22.416257,710,1,0,1,2,1
428,1,0,12.05855,50.625,15.333486,203,1,0,1,2,1
429,1,0,12.7521,45.6667,13.458625,221,1,0,0,2,1
430,1,0,19.255,51.3333,23.167193,432,1,0,0,2,1
431,1,0,26.2302,56.75,29.584721,486,1,0,0,2,1
432,1,0,19.85415,40.7083,27.7916,447,1,0,0,1,0
433,1,0,13.88835,35.0417,15.12525,968,1,0,1,2,0
434,1,0,17.9835,47.6957,14.913329,1658,1,0,1,2,1
435,1,0,22.9796,48.9167,13.916771,838,1,0,1,2,1
436,1,0,27.14645,61.75,15.87565,762,1,0,0,2,1
437,1,0,27.43085,50.7083,7.709154,997,1,0,0,2,1
438,1,0,26.64125,57.9583,10.042161,1005,1,0,0,2,1
439,1,0,21.81145,84.2083,7.583864,548,1,0,0,1,0
440,1,0,25.2523,75.5833,7.417168,3155,1,0,1,1,0
441,1,0,23.2,81.0,8.501161,2207,1,0,1,1,1
442,1,0,26.64105,72.875,10.875239,982,1,0,1,2,1
443,1,0,26.92665,80.7917,8.125157,1051,1,0,0,2,1
444,1,0,25.6629,82.125,6.0004061,1122,1,2,0,1,1
445,1,0,26.57835,83.125,7.876654,1334,1,2,0,2,1
446,1,0,28.50335,69.4167,7.7921,2469,1,2,0,1,0
447,1,0,24.33665,88.5417,12.916461,1033,1,2,1,1,0
448,1,0,21.8744,88.0833,14.791925,1532,1,2,1,1,1
449,1,0,21.9375,47.7917,25.917007,795,1,2,1,2,1
450,1,0,15.7827,29.0,12.541864,531,1,2,0,2,1
451,1,0,23.5475,48.125,19.541957,674,1,2,0,2,1
452,1,0,24.1152,43.9167,21.41655,834,1,2,0,2,1
453,1,0,18.78105,58.0833,9.250489,796,1,2,0,1,0
454,1,1,21.0854,73.8333,16.791339,2301,1,2,1,1,0
455,1,0,20.86435,67.625,11.541889,2347,2,2,1,1,1
456,1,0,21.37565,50.4348,20.913313,1208,2,2,1,2,1
457,1,0,23.07415,39.6667,6.708911,1348,2,2,0,2,1
458,1,0,26.6725,46.9583,12.125325,1058,2,2,0,2,1
459,1,0,21.55815,37.4167,14.708443,1192,2,2,0,2,1
460,1,0,19.53835,37.7083,20.125996,1807,2,2,0,2,0
461,1,0,21.30645,25.4167,18.416357,3252,2,2,1,2,0
462,1,0,24.62125,27.5833,15.583932,2230,2,2,1,2,1
463,1,0,23.8319,31.75,23.999132,905,2,2,1,2,1
464,1,0,21.81165,43.5,16.708125,819,2,2,0,2,1
465,1,0,16.8637,46.9565,19.783358,482,2,2,0,2,1
466,1,0,19.3802,46.625,19.458743,663,2,2,0,2,1
467,1,0,21.5904,40.8333,10.416557,1252,2,2,0,2,0
468,1,0,24.3998,50.2917,12.791439,2795,2,2,1,2,0
469,1,0,28.69375,50.7917,15.083643,2846,2,2,1,2,1
470,1,0,30.74625,56.1667,19.083543,1198,2,2,1,2,1
471,1,0,29.92435,39.0417,18.333143,989,2,2,0,2,1
472,1,0,22.8519,56.9167,11.250104,347,2,2,0,1,1
473,1,0,24.6523,61.25,4.4172564,846,2,2,0,2,1
474,1,0,25.78875,69.4583,10.041357,1340,2,2,0,2,0
475,1,0,27.14605,68.2917,19.000329,2541,2,2,1,2,0
476,1,0,19.4752,83.5417,23.084582,120,2,2,1,0,1
477,1,0,15.05625,76.6667,20.334232,195,2,2,1,1,1
478,1,0,20.26415,45.4167,16.708661,518,2,2,0,2,1
479,1,0,23.51585,42.7917,7.959064,655,2,2,0,2,1
480,1,0,24.17915,75.6667,11.833875,475,2,2,0,1,1
481,1,0,22.63185,40.0833,23.291411,1014,2,2,0,2,0
482,1,0,18.8752,48.9583,8.708325,1120,2,2,1,1,0
483,1,0,22.50605,58.7083,7.832836,2229,2,2,1,2,1
484,1,0,22.8848,57.0,11.499746,665,2,2,1,1,1
485,1,0,28.85105,65.9583,10.458432,653,3,2,0,1,1
486,1,0,26.8948,79.7083,9.249886,667,3,2,0,2,1
487,1,0,26.8621,76.8333,8.957632,764,3,2,0,1,1
488,1,0,29.54585,73.5417,10.916846,1069,3,2,0,2,0
489,1,0,29.2304,75.6667,10.250464,2496,3,2,1,1,0
490,1,0,27.33685,74.0,10.041893,2135,3,2,1,1,1
491,1,0,26.3571,66.4167,15.458307,1008,3,2,1,1,1
492,1,0,27.87355,68.5833,19.833943,738,3,2,0,1,1
493,1,0,27.65125,74.4167,14.499604,620,3,2,0,1,1
494,1,0,24.58915,55.2083,21.042221,1026,3,2,0,2,1
495,1,0,26.04165,36.0417,15.874779,1319,3,2,0,2,0
496,1,0,27.24085,48.0417,8.249911,2622,3,2,1,2,0
497,1,0,29.2619,57.625,15.082839,2172,3,2,1,2,1
498,1,0,27.495,78.9583,14.250364,342,3,2,1,1,1
499,1,0,28.8202,79.4583,9.875264,625,3,2,0,1,1
500,1,0,29.79875,69.7917,8.208304,991,3,2,0,2,1
501,1,0,28.63065,52.0,15.374825,1242,3,2,0,2,1
502,1,0,27.55605,52.3333,9.166739,1521,3,2,0,2,0
503,1,0,28.3454,45.625,5.626325,3410,3,2,1,2,0
504,1,0,29.19835,53.0417,17.042589,2704,3,2,1,2,1
505,1,0,28.28335,81.125,15.624668,630,3,2,1,1,1
506,1,0,29.04125,76.5833,7.917189,819,3,2,0,1,1
507,1,0,29.2306,77.4583,6.834,766,3,2,0,1,1
508,1,0,30.335,71.6667,11.584032,1059,3,2,0,2,1
509,1,0,31.37645,74.7083,9.41685,1417,3,2,0,2,0
510,1,0,32.1348,73.25,13.332464,2855,3,2,1,2,0
511,1,1,32.07125,69.7083,14.416457,3283,3,2,1,2,0
512,1,0,33.965,67.625,13.166907,2557,3,2,1,2,1
513,1,0,33.6496,68.4583,19.7918,880,3,2,0,2,1
514,1,0,30.55645,67.0,9.000043,745,3,2,0,1,1
515,1,0,31.56645,49.2917,13.083693,1100,3,2,0,2,1
516,1,0,30.3981,75.5417,15.916721,533,3,2,0,1,0
517,1,0,28.3144,54.9167,12.499654,2795,3,2,1,2,0
518,1,0,28.75665,49.3333,12.333829,2494,3,2,1,2,1
519,1,0,28.91415,48.7083,19.083811,1071,3,2,1,2,1
520,1,0,26.2946,61.3333,14.041525,968,3,2,0,1,1
521,1,0,27.1146,61.125,5.167375,1027,3,2,0,2,1
522,1,0,28.4721,56.7083,10.54245,1038,3,2,0,2,1
523,1,0,29.8931,46.7917,11.750661,1488,3,2,0,2,0
524,1,0,32.41835,43.7083,9.667229,2708,3,2,1,2,0
525,1,0,33.17585,53.8333,8.959307,2224,3,2,1,2,1
526,1,0,32.98605,58.7917,13.916771,1017,3,2,1,1,1
527,1,0,29.89375,83.3333,14.374582,477,3,2,0,1,1
528,1,0,30.55585,58.2083,22.999693,1173,3,2,0,2,1
529,1,0,31.21915,56.9583,17.000111,1180,3,2,0,2,1
530,1,0,29.9877,58.9583,11.833339,1563,3,2,0,2,0
531,1,0,29.7354,50.4167,11.166689,2963,3,2,1,2,0
532,1,0,28.59875,59.875,9.708568,2634,3,2,1,2,1
533,1,0,27.2421,77.7917,11.707982,653,3,2,1,1,1
534,1,0,32.7346,69.0,9.917139,968,3,2,0,2,1
535,1,0,36.04875,59.2083,7.625404,872,3,2,0,2,1
536,1,0,37.6271,56.7917,7.958729,778,3,2,0,2,1
537,1,0,36.20605,57.375,12.250414,964,3,2,0,2,0
538,1,0,32.6396,53.4583,12.041307,2657,3,2,1,2,0
539,1,0,33.7127,47.9167,9.750175,2551,3,2,1,2,1
540,1,0,32.7021,50.4167,20.125661,1139,3,2,1,2,1
541,1,0,29.7352,37.3333,23.292014,1077,3,2,0,2,1
542,1,0,32.0396,36.0,18.208925,1077,3,2,0,2,1
543,1,0,33.7756,42.25,11.50055,921,3,2,0,2,1
544,1,0,39.33065,48.875,11.082939,829,3,2,0,2,0
545,1,0,34.3754,60.125,10.791757,1455,3,2,1,2,0
546,1,0,37.53145,51.875,11.291443,1421,3,2,1,2,1
547,1,0,35.1019,44.7083,13.082889,904,3,2,1,2,1
548,1,0,35.1325,49.2083,8.457879,1052,3,2,0,2,1
549,1,1,36.61685,53.875,9.04165,2562,3,2,0,2,0
550,1,1,38.06835,45.7917,12.999943,1405,3,2,0,2,0
551,1,0,37.62665,45.0833,9.791514,1366,3,2,0,2,0
552,1,0,40.24565,49.2083,10.958118,1448,3,2,1,2,0
553,1,0,39.5198,57.375,8.417143,1203,3,2,1,2,1
554,1,0,32.7027,68.3333,12.125325,998,3,2,1,1,1
555,1,0,33.2398,66.75,10.166379,954,3,2,0,1,1
556,1,0,32.51355,63.3333,10.166111,975,3,2,0,2,1
557,1,0,32.73415,52.9583,9.833925,1032,3,2,0,2,1
558,1,0,33.39665,48.5833,5.41695,1511,3,2,0,1,0
559,1,0,33.3021,69.9167,9.626493,2355,3,2,1,1,0
560,1,0,35.2598,71.7917,11.166689,1920,3,2,1,2,1
561,1,0,36.20625,64.5,11.000529,1088,3,2,1,2,1
562,1,0,37.78415,50.5833,7.666743,921,3,2,0,2,1
563,1,0,37.27915,57.7083,9.208614,799,3,2,0,2,1
564,1,0,35.7321,60.0417,11.083743,888,3,2,0,2,1
565,1,0,30.65125,84.4167,14.000789,747,3,2,0,1,0
566,1,0,27.4956,86.5417,14.2911,1264,3,2,1,0,0
567,1,0,31.15625,76.25,6.2926936,2544,3,2,1,1,1
568,1,0,34.50085,69.4167,9.291761,1135,3,2,1,2,1
569,1,0,35.3225,65.5,14.167418,1140,3,2,0,2,1
570,1,0,32.7027,45.0,11.0416,1383,3,2,0,2,1
571,1,0,36.96315,59.6667,19.082471,1036,3,2,0,2,1
572,1,0,36.71085,59.4583,10.250464,1259,3,2,0,2,0
573,1,1,34.8802,61.3333,10.54245,2234,3,2,1,2,0
574,1,0,33.39665,62.375,11.416532,2153,3,2,1,2,1
575,1,0,34.24935,66.875,10.292339,1040,3,2,1,2,1
576,1,0,33.1448,70.4167,11.083475,968,3,2,0,2,1
577,1,0,33.3654,67.75,9.458993,1074,3,2,0,2,1
578,1,0,35.3544,65.9583,8.666718,983,3,2,0,2,1
579,1,0,36.14335,64.25,14.458064,1328,3,2,0,1,0
580,1,0,37.56335,61.3333,17.249686,2345,3,2,1,2,0
581,1,0,36.55395,65.25,19.458207,1707,3,2,1,2,1
582,1,0,35.5123,65.4167,8.666718,1233,3,2,1,1,1
583,1,0,34.88105,70.375,7.832836,1278,3,2,0,1,1
584,1,0,35.38585,67.2917,7.4169,1263,3,2,0,1,1
585,1,0,34.9754,62.0417,10.4587,1196,3,2,0,2,1
586,1,0,33.3971,71.5833,16.000471,1065,3,2,0,1,0
587,1,0,31.91335,73.2917,13.834093,2247,3,2,1,1,0
588,1,0,32.22895,53.0417,8.208304,2182,3,2,1,2,1
589,1,0,33.1127,54.5417,9.126204,1207,3,2,1,2,1
590,1,0,33.83895,68.6667,11.333586,1128,3,2,0,2,1
591,1,0,32.70185,61.9583,11.374657,1198,3,2,0,2,1
592,1,0,32.7344,51.9167,9.500332,1338,3,2,0,2,1
593,1,0,12.12,57.0833,15.500718,1483,3,2,0,2,0
594,1,0,30.90355,60.3333,11.917089,2827,3,2,1,2,0
595,1,0,30.1777,71.1667,5.79215,1208,3,2,1,1,1
596,1,0,29.79835,73.4167,8.708593,1026,3,2,1,1,1
597,1,0,30.05125,67.375,4.8756436,1081,3,2,0,2,1
598,1,0,31.0927,67.7083,4.7089811,1094,3,2,0,2,1
599,1,0,31.8504,63.5833,5.6679186,1363,3,2,0,2,1
600,1,0,32.355,61.5,4.8337686,1325,3,2,0,1,0
601,1,0,30.9348,71.2917,16.375336,1829,3,2,1,1,0
602,1,0,29.7998,84.5833,15.333486,1483,3,2,1,1,1
603,1,0,32.7344,73.0417,8.625111,989,3,2,1,2,1
604,1,0,33.3025,62.0,12.791975,935,3,2,0,2,1
605,1,0,31.78665,55.2083,7.541654,1177,3,2,0,2,1
606,1,0,32.63895,59.0417,5.1668189,1172,3,2,0,2,1
607,1,0,34.47,58.75,11.291711,1433,3,2,0,2,0
608,1,0,35.1327,63.8333,7.583529,2352,3,2,1,1,0
609,1,1,32.45,81.5,4.2927436,2613,3,2,1,1,0
610,1,0,33.08145,79.0833,10.125107,1965,3,2,1,2,1
611,1,0,34.3444,75.5,15.833507,867,3,2,0,2,1
612,1,0,35.44915,74.125,12.583136,832,3,2,0,2,1
613,1,0,32.76645,81.0417,9.542207,611,3,2,0,1,1
614,1,0,32.8602,73.625,11.500282,1045,3,2,0,2,0
615,1,0,30.55605,79.9167,18.833968,1557,3,2,1,1,0
616,1,0,28.94625,54.75,15.041232,2570,3,2,1,2,1
617,1,0,28.2827,50.375,17.333771,1118,3,2,1,2,1
618,1,0,27.7146,52.0,6.1676314,1070,3,2,0,2,1
619,1,0,28.50375,57.7083,8.833682,1050,3,2,0,2,1
620,1,0,28.9779,63.7083,5.5422936,1054,3,2,0,2,1
621,1,0,29.70415,67.25,6.958821,1379,3,2,0,2,0
622,1,0,29.29335,50.1667,16.583907,3160,3,2,1,2,0
623,1,0,28.15625,57.0,6.0422811,2166,3,2,1,2,1
624,1,0,27.6525,73.4583,10.166714,1022,3,2,1,1,1
625,1,0,28.25335,87.25,23.958329,371,3,2,0,1,1
626,1,0,27.0202,53.6667,14.416725,788,3,2,0,2,1
627,1,0,26.6096,61.8333,7.917189,939,3,2,0,2,1
628,1,0,28.59855,66.875,10.333343,1250,3,2,0,2,0
629,1,0,30.5244,64.6667,19.000061,2512,3,2,1,2,0
630,1,0,25.94665,46.7083,14.958286,2454,3,1,1,2,1
631,1,0,25.12565,49.2917,9.541068,1001,3,1,1,2,1
632,1,0,27.20895,57.0,15.833507,845,3,1,0,2,1
633,1,0,29.83065,63.0833,16.3748,787,3,1,0,2,1
634,1,0,30.39875,69.0833,9.000914,751,3,1,0,1,1
635,1,0,29.29315,69.0,10.999993,1045,3,1,0,1,0
636,1,0,26.5148,54.2917,15.249468,2589,3,1,1,2,0
637,1,0,25.88315,58.3333,9.042186,2015,3,1,1,2,1
638,1,0,25.6,64.9167,6.0838814,763,2,1,1,1,1
639,1,0,27.11665,87.1667,6.999825,315,2,1,0,0,1
640,1,0,29.95665,79.375,4.4585686,728,2,1,0,1,1
641,1,0,30.39875,72.2917,7.875582,891,2,1,0,1,1
642,1,0,29.00935,62.75,7.12545,1516,2,1,0,2,0
643,1,0,26.92605,66.4167,17.957675,3031,2,1,1,2,0
644,1,0,20.99065,70.8333,9.457854,781,2,1,1,1,1
645,1,0,19.3804,70.9583,12.708493,874,2,1,1,1,1
646,1,0,21.9056,76.1667,12.7501,601,2,1,0,1,1
647,1,0,25.1571,63.0833,12.584007,780,2,1,0,2,1
648,1,0,21.55835,46.3333,12.166932,834,2,1,0,2,1
649,1,0,21.65355,53.9167,15.751164,1060,2,1,0,2,0
650,1,0,19.5698,49.4583,9.791514,2252,2,1,1,2,0
651,1,1,25.4102,64.0417,18.667004,2080,2,1,1,2,0
652,1,0,26.9575,70.75,19.834479,760,2,1,1,1,1
653,1,0,23.0423,55.8333,12.208807,922,2,1,0,2,1
654,1,0,22.5054,69.2917,6.791857,979,2,1,0,2,1
655,1,0,25.63125,72.8333,15.874779,1008,2,1,0,1,1
656,1,0,26.8948,81.5,9.041918,753,2,1,0,1,0
657,1,0,23.6421,57.2917,7.874979,2806,2,1,1,2,0
658,1,0,22.82145,51.0,11.125618,2132,2,1,1,2,1
659,1,0,24.1471,56.8333,5.4593811,830,2,1,1,2,1
660,1,0,26.5152,64.1667,6.3345686,841,2,1,0,2,1
661,1,0,27.93605,63.625,4.8762064,795,2,1,0,2,1
662,1,0,26.4844,80.0417,8.333125,875,2,1,0,1,1
663,1,0,26.1375,80.7083,8.875289,1182,2,1,0,1,0
664,1,0,25.75665,72.0,15.791364,2643,2,1,1,1,0
665,1,0,23.38855,69.4583,26.666536,998,2,1,1,1,1
666,1,0,21.97,88.0,23.9994,2,2,1,1,0,1
667,1,0,15.49545,82.5455,14.271603,87,2,1,0,1,1
668,1,0,18.055,66.6667,11.166689,419,2,1,0,1,1
669,1,0,18.4971,58.1667,10.542182,466,1,1,0,1,1
670,1,0,17.8021,52.2083,17.833725,618,1,1,0,2,0
671,1,0,16.1923,49.125,18.125443,1029,1,1,1,1,0
672,1,0,16.4769,53.2917,12.000236,1201,1,1,1,2,1
673,1,0,15.40375,49.4167,15.833775,378,1,1,1,2,1
674,1,0,14.07835,56.7083,11.625371,466,1,1,0,2,1
675,1,0,13.73105,54.75,20.375236,326,1,1,0,1,1
676,1,0,17.09455,33.3478,23.304945,340,1,1,0,2,1
677,1,0,17.77065,54.0833,14.375386,709,1,1,0,2,0
678,1,0,19.69685,64.5417,3.8756686,2090,1,1,1,2,0
679,1,1,21.08565,65.9167,8.5425,2290,1,1,1,2,0
680,1,0,23.76915,74.1667,11.625639,1097,1,1,1,2,1
681,1,0,16.16125,66.2917,22.917082,327,1,1,0,1,1
682,1,0,14.07815,55.2083,13.374875,373,1,1,0,2,1
683,1,0,16.2246,62.0417,10.250129,320,1,1,0,1,1
684,1,0,17.3602,52.4583,11.458675,484,1,1,0,2,0
685,1,0,16.31915,54.5417,12.041843,1313,1,1,1,2,0
686,1,0,16.8873,69.2917,15.250004,922,1,1,1,2,1
687,1,0,18.78105,62.3333,15.749489,449,1,1,1,1,1
688,1,0,19.03335,68.5,5.542575,534,1,1,0,1,1
689,1,0,18.2446,61.375,6.917482,615,1,1,0,2,1
690,1,0,17.51855,58.0417,3.5423436,955,1,1,0,2,1
691,1,0,18.93895,56.875,9.917407,1603,1,1,0,2,0
692,1,0,12.4371,40.4583,25.250357,532,1,1,1,2,0
693,1,0,12.87915,46.8333,10.0835,309,1,1,1,2,1
694,1,0,16.9502,53.5417,3.12555,337,1,1,1,2,1
695,1,0,14.0779,78.6667,15.916654,123,1,1,0,1,1
696,1,1,14.4881,50.625,14.125007,198,1,1,0,2,0
697,1,1,14.9211,55.5652,7.739974,243,1,1,0,2,0
698,1,0,16.19335,64.9583,3.9175436,362,1,1,0,2,0
699,1,0,15.8452,80.6667,4.0001814,951,0,1,1,1,0
700,1,0,17.9604,82.3333,8.333393,892,0,1,1,1,1
701,1,0,22.7898,76.75,5.5422936,555,0,1,1,2,1
702,1,0,23.4527,73.375,11.666643,551,0,1,0,2,1
703,1,0,21.4006,48.5,21.709407,331,0,1,0,2,1
704,1,0,12.9102,50.875,11.708518,340,0,1,0,2,1
705,1,0,16.0979,76.4167,8.7502,349,0,1,0,1,0
706,1,0,19.4754,91.125,6.792393,1153,0,1,1,1,0
707,1,0,19.5073,90.5417,10.584325,441,0,1,1,1,1
708,1,0,21.77875,92.5,12.750636,329,0,1,1,1,1
709,1,0,16.91815,59.6667,19.834479,282,0,1,0,1,1
710,1,0,14.8669,53.8333,10.916779,310,0,1,0,1,1
711,1,0,14.7094,48.5833,11.666643,425,0,1,0,2,1
712,1,0,14.7096,64.2917,8.792343,429,0,1,0,2,0
713,1,0,16.91915,65.0417,7.12545,767,0,1,1,2,0
714,1,0,18.4969,83.875,6.749714,538,0,1,1,1,1
715,1,0,20.075,90.7083,6.5833061,212,0,1,1,1,1
716,1,0,20.4854,66.625,14.834068,433,0,1,0,2,1
717,1,0,17.1081,62.5417,12.334164,333,0,1,0,2,1
718,1,0,16.76085,66.7917,8.875021,314,0,1,0,1,1
719,1,0,15.08835,55.6667,25.083661,221,0,0,0,1,0
720,1,0,11.80565,44.125,27.292182,205,0,0,1,2,0
721,1,0,12.97355,51.5417,8.916561,408,0,0,1,2,1
722,1,1,12.945,79.1304,5.1744368,174,0,0,1,1,0
723,1,1,14.72325,73.4783,11.304642,440,0,0,0,1,0
724,1,0,11.01665,82.3333,21.208582,9,0,0,0,0,1
725,1,0,11.3321,65.2917,23.458911,247,0,0,0,1,1
726,1,0,12.7523,59.0,10.416557,644,0,0,0,1,0
727,1,0,12.12,75.2917,8.333661,159,0,0,1,1,0
728,1,0,11.585,48.3333,23.500518,364,0,0,1,2,1
729,1,1,11.17435,57.75,10.374682,439,0,0,1,1,0
