,a√±o,registrados,mes_map,estacion_map,dia_semana_map,clima_map,vacaciones_map,laborable_cod,sensacion_termica_standar,humedad_standar,viento_standar
0,0,654,0,0,0,1,0,0,-0.6808176679882338,1.252342778139905,-0.38783297265473177
1,0,670,0,0,0,1,1,1,-0.741507266995984,0.4809955684788318,0.7488989093411889
2,0,1229,0,0,1,2,1,1,-1.7503444674147217,-1.3380726136983871,0.7459310420548092
3,0,1454,0,0,2,2,1,1,-1.6108860797292004,-0.2615770573582075,-0.38976853827628377
4,0,1518,0,0,2,2,1,1,-1.5056154704044076,-1.340293612352123,-0.04647661963780552
5,0,1518,0,0,2,2,1,0,-1.4814341705367635,-0.7688503384807848,-1.3024625707087933
6,0,1362,0,0,1,1,1,0,-1.6310402324241675,-0.9063624861400971,-0.2809897503450565
7,0,891,0,0,0,1,1,1,-1.9170229321789771,-0.6453459449888632,0.9845862831921816
8,0,768,0,0,0,2,1,1,-2.199899326340228,-1.3599030624911204,2.2123284607134814
9,0,1280,0,0,1,2,1,1,-1.9867981681006939,-1.0172648208150927,0.42279481342209296
10,0,1220,0,0,2,1,1,1,-1.7377043820053593,0.41265768901593886,-0.8822280474823765
11,0,1137,0,0,2,2,1,1,-1.9279563911950406,-0.1975476341444923,1.4726456065519453
12,0,1368,0,0,2,2,1,0,-1.986828862819998,-1.1051207802192025,1.4258436298228165
13,0,1367,0,0,1,2,1,0,-1.7564342997246234,-0.6313381908214719,-0.8252449955838828
14,0,1026,0,0,0,1,0,0,-1.3899454901794397,-0.9059829483954712,-0.41987303557682404
15,0,953,0,0,0,2,1,1,-1.475246115125089,-1.0114100996804027,-0.02669513898554297
16,0,883,0,0,1,1,1,1,-1.8279038841519177,-0.6336294742427312,0.04535951721943588
17,0,674,0,0,2,1,1,1,-1.486811885358814,1.6447707491294306,-0.5642404234029889
18,0,1572,0,0,2,1,1,1,-1.0810952245431948,0.8018595891761453,0.22988343980740159
19,0,1844,0,0,2,1,1,0,-1.3473534976732926,-0.6277747531080413,0.06970893273856113
20,0,1468,0,0,1,2,1,0,-1.944163202987521,-1.1988384892347541,2.0999624244969777
21,0,888,0,0,0,2,1,1,-2.427687293872312,-1.6000450276879374,-0.2391299178362898
22,0,836,0,0,0,2,1,1,-2.306323443216463,-1.343350999739386,0.7238784977399259
23,0,1330,0,0,1,2,1,1,-2.189125479864545,-0.955259598906048,-0.41513735168942645
24,0,1799,0,0,2,1,1,1,-1.4733491814721058,-0.07516779693294376,-0.783333547991875
25,0,472,0,0,2,0,1,1,-1.663202159310836,1.65062547026412,1.3335816685288335
26,0,416,0,0,2,2,1,0,-1.564365163152149,0.4206420386065847,-0.9892648263542068
27,0,1129,0,0,1,1,1,0,-1.5421606032076784,1.1624485604776202,-0.8671564431758906
28,0,975,0,0,0,2,1,1,-1.6108615239537574,0.1692966814665557,-0.5824347402455787
29,0,956,0,0,0,2,1,1,-1.3763784242470982,0.6643474415168324,-1.5035368697381104
30,0,1459,0,0,1,1,1,1,-1.769712835295508,-0.16799288940095003,-0.04270871856118397
31,0,1313,0,0,2,1,1,1,-1.4733246256966626,1.4191425884261724,-1.7715430279606985
32,0,1454,0,0,2,1,1,1,-1.3512394491371713,1.038564629241074,0.9523784712495544
33,0,1489,0,0,2,2,1,0,-1.8211080732980252,-1.3341858660543493,1.125856766023863
34,0,1620,0,0,1,1,1,0,-1.5098083690613258,-0.29825164905185897,-0.8085862274677246
35,0,905,0,0,0,1,1,1,-1.4209717124518624,2.119192929911623,-0.3796648857317817
36,0,1269,0,0,0,2,1,1,-1.1225392345473746,-0.4169204505381781,-0.6284366831844664
37,0,1592,0,0,1,2,1,1,-1.0489517144881086,0.7779205973577128,-1.8722530880042156
38,0,1466,0,0,2,2,1,1,-1.696070064741495,-0.6306985994370102,2.2123284607134814
39,0,1552,0,0,2,1,1,1,-2.0273458923011987,-0.9338649156719596,-0.021456208036542166
40,0,1491,0,0,2,2,1,0,-1.9950243528741498,-1.3372432534416123,0.4056069907027106
41,0,1597,0,0,1,2,1,0,-1.6023713645942874,-0.8524681264032398,-1.0574870626285127
42,0,1184,0,0,0,2,1,1,-1.4829996012212645,-0.5867706197349554,0.16600977429618274
43,0,1192,0,0,0,2,0,0,-0.9233796178156899,-1.196673718395037,0.9081830562241157
44,0,1705,0,0,1,2,1,1,-0.46764284242236975,-1.769902225361467,2.9343976677188928
45,0,1675,0,0,2,2,1,1,-1.352117318109264,-2.2020481184784018,1.3016319320024137
46,0,1897,0,0,2,2,1,1,-0.9719570805861053,-1.4350304504967626,0.7908619720164385
47,0,2216,0,0,2,2,1,0,-0.2815837318896066,-0.8620549686934164,0.5110178944524374
48,0,2348,0,0,1,2,1,0,0.22994376531055497,-0.7800537304239966,0.9603400978395389
49,0,1103,0,0,0,2,0,0,-0.5102839464794034,-3.0906654627520806,4.089994862639541
50,0,1173,0,0,0,2,1,1,-1.2105778284549356,-1.5450401686242123,0.42238189275616195
51,0,912,0,0,1,1,1,1,-1.1691706521139205,-0.15920729346053905,1.5141828447904537
52,0,1376,0,0,2,2,1,1,-1.7710449861132989,-0.350536487612433,0.06685719938947451
53,0,1778,0,0,2,2,1,1,-1.404648260726027,-1.4380878378840258,-1.243778801817496
54,0,1707,0,0,2,1,1,0,-1.1377638153221288,0.49016070216386814,0.7741515888170388
55,0,1341,0,0,1,1,1,0,-0.761630724971647,0.5940626739935447,2.0134684487552197
56,0,1545,0,0,0,2,1,1,-1.180730283403784,-0.6306985994370102,-0.05072196023440977
57,0,1708,0,0,0,2,1,1,-0.7576526893498564,0.3679284629641189,-0.8420198976373341
58,0,1365,0,0,1,1,1,1,-0.45678918967649657,1.7480682719584058,1.2798503668745471
59,0,1714,0,0,2,2,1,1,-1.2931527623263952,-0.6512006661235532,0.3345072135376972
60,0,1903,0,0,2,2,1,1,-0.9481932289009949,-1.2515520648772198,1.5140150957699192
61,0,1562,0,0,2,2,1,0,-1.684485877676188,-2.1740396386203713,0.45488649142742665
62,0,1730,0,0,1,1,1,0,-1.3434921019848567,-0.12113403489317419,0.16573879510916537
63,0,1437,0,0,0,1,1,1,-0.5877881127218523,1.1352061845855945,0.7918942736812662
64,0,491,0,0,0,1,1,1,-0.6646906624659435,2.2533946650205876,1.9715053860799707
65,0,1628,0,0,1,2,1,1,-1.449192437379905,-0.5366083811535848,1.9465365895619486
66,0,1817,0,0,2,2,1,1,-1.05667450586498,-1.453620771506672,-0.9013514358233108
67,0,1700,0,0,2,1,1,1,-1.1536207073145444,1.038564629241074,0.3825737598062407
68,0,577,0,0,2,0,1,0,-0.5454969284648834,-4.4114357286194466,0.9210094044096007
69,0,1730,0,0,1,1,1,0,-1.040713251826931,0.1540167730069931,0.5480001015948927
70,0,1408,0,0,0,2,1,1,-0.9133301667155796,-0.23242293578954779,0.39063861656270793
71,0,1435,0,0,0,2,1,1,-0.5797338183764984,-0.7046803457320228,1.0336206122715013
72,0,1687,0,0,1,2,1,1,-0.8749617675856545,-0.9185850072123966,-0.6913296621140991
73,0,1767,0,0,2,1,1,1,-0.9598142496294667,0.19679911099841826,-0.07991028980741509
74,0,1871,0,0,2,1,1,1,-0.6605284585283294,1.0463310960523964,0.1627838315935959
75,0,2320,0,0,2,2,1,0,-0.3940798781385472,-0.17384761053564,0.24616799857005997
76,0,2355,0,0,1,2,1,0,0.32218753576275533,-0.7199602541915854,0.5227990372022845
77,0,1693,0,0,0,2,1,1,-0.04912034471314664,-1.7464692838692029,2.2925512038414104
78,0,1424,0,0,0,2,1,1,-0.9133301667155796,-1.0816948672036906,0.22219279240443457
79,0,1676,0,1,1,1,1,1,-0.3977509665672982,0.7712997722570191,1.2681982618328038
80,0,2243,0,1,2,2,1,1,-0.20801462866192308,-0.021568633219684608,0.45483487634418523
81,0,1918,0,1,2,1,1,1,-0.8385025799964346,1.48942735594946,0.5646588697110508
82,0,1699,0,1,2,1,1,0,-1.2504625467184751,1.252342778139905,0.6875801904504191
83,0,1910,0,1,1,2,1,0,-1.339606150520978,-0.9323397362167041,0.5190311361256629
84,0,1515,0,1,0,2,1,1,-1.3318772202002458,-1.6410421325842715,0.24606476840357713
85,0,1221,0,1,0,1,1,1,-1.3762740622014649,-0.9399796904464854,-0.0800264237447082
86,0,1806,0,1,1,2,1,1,-1.3318588033686636,-2.287612794461252,0.28004039694722144
87,0,2108,0,1,2,2,1,1,-1.1149453609915798,-2.2033202727705734,0.47091297477387795
88,0,1368,0,1,2,1,1,1,-1.0876761723619595,0.13364824737874434,-0.2272842562323911
89,0,1506,0,1,2,0,0,0,-1.3318526644248028,2.043046412776892,0.3502627176971311
90,0,1920,1,1,1,1,1,0,-1.1729829362514697,0.41185644266617377,0.8801173547116099
91,0,1354,1,1,0,1,1,1,-0.975413305979729,0.18343094821548864,0.0857354160850124
92,0,1598,1,1,0,2,1,1,-0.5878617800481816,-1.0377668875016357,-0.10695659342590304
93,0,2381,1,1,1,2,1,1,0.4199195220265009,-1.4155475129393071,2.5171284310246937
94,0,1628,1,1,2,1,1,1,-0.46764284242236975,0.10142970994606842,2.5493362429673208
95,0,2395,1,1,2,2,1,1,-0.5335873773749545,-1.1021969338902335,0.9363132765906724
96,0,2570,1,1,2,2,1,0,-0.25065573271895675,-0.17384761053564,-0.36375453632262356
97,0,1299,1,1,1,1,1,0,-0.9211327643626416,1.4661279555154898,0.4708613596906365
98,0,1576,1,1,0,1,1,1,-0.8164637715362055,1.7560526215490515,-0.7409188533382636
99,0,1707,1,1,0,1,1,1,-0.2933766430461806,1.615483086502476,-0.5643436535694717
100,0,2493,1,1,1,1,1,1,0.5567443027957442,0.627672849823181,1.7287467458249073
101,0,1777,1,1,2,1,1,1,0.11373969696969835,0.7837823469691558,1.088784232485736
102,0,1953,1,1,2,1,1,1,-0.3514142183060705,1.3460604871554578,0.7757129450850906
103,0,2738,1,1,2,2,1,0,-0.07234396933850788,-0.6131274075561883,-1.0297439553862662
104,0,2484,1,1,1,2,1,0,-0.2002120310148616,0.30642929138124214,0.46289973310065247
105,0,674,1,1,0,0,1,1,-0.30101962815286154,1.8321921102070289,1.9395169382411197
106,0,2186,1,1,0,2,1,1,-0.17698840638950036,-1.0406977623073568,1.4580514417654429
107,0,2760,1,1,1,2,1,1,0.175693918412771,-0.5984870904810874,-0.34756030395563775
108,0,2795,1,1,2,1,1,1,0.09043626607414726,0.26835603281387677,-0.4197698054103412
109,0,3331,1,1,2,2,1,1,0.5516796741105938,-0.09477724707194128,0.663553369201552
110,0,3444,1,1,2,2,1,0,-0.1266736225064817,-1.5502623268511928,1.73886330214022
111,0,1506,1,1,1,1,1,0,-0.9366335976111311,0.716421425774836,0.37445728796653244
112,0,2574,1,1,0,1,1,1,-0.14982357980551367,1.8292682638780609,0.5190311361256629
113,0,2481,1,1,0,1,1,1,0.4741509520927019,1.2874851619015488,0.021590771386776172
114,0,3300,1,1,1,2,1,1,0.6137321186554393,1.0473502251814848,-0.06669682849761963
115,0,3722,1,1,2,2,1,1,0.7339510562812507,0.7134975794458681,1.754889785486671
116,0,3325,1,1,2,1,1,1,0.6176733206140652,1.4602732343808003,1.5703658628987056
117,0,3489,1,1,2,1,1,0,0.6409215010148691,0.5143527191453838,1.6827318991152092
118,0,3717,1,1,1,2,1,0,0.14080630045191267,-1.1988384892347541,0.6395265479526855
119,0,3347,1,1,0,2,1,1,-0.06449226014056021,-0.8737714394395484,0.5751625391506736
120,0,2213,2,1,0,1,1,1,-0.16159193518664414,0.9448469202255212,-1.0858237433280353
121,0,3554,2,1,1,1,1,1,0.3579407448079847,0.7193523005805575,-0.09094301385026203
122,0,3848,2,1,2,1,1,1,0.6602591741763517,0.4879959313241509,1.9635050481775551
123,0,2378,2,1,2,1,1,1,-0.4289674960994051,0.7691350014173018,1.787097597429298
124,0,3819,2,1,2,2,1,0,-0.20018747523941852,-1.2896182949678328,1.353479283118389
125,0,3714,2,1,1,2,1,0,-0.0025134829220440314,-0.26463444474547065,0.487042688286812
126,0,3102,2,1,0,2,1,1,0.23386041149373732,-0.6072726864214983,-0.38778135757149035
127,0,2932,2,1,0,2,1,1,0.2726094251430317,0.028221096093812244,-1.495086190234414
128,0,3698,2,1,1,2,1,1,0.3113645777361862,-0.2734200406858816,-0.18712772147059054
129,0,4109,2,1,2,2,1,1,0.2958637444876966,-0.9733368411130379,-0.96559931068803
130,0,3632,2,1,2,2,1,1,0.33072680667311183,0.03700669203422321,-0.9014546659897936
131,0,4169,2,1,2,2,1,0,0.2998049464463225,0.8423506437463111,-0.01077188580557454
132,0,3413,2,1,1,1,1,0,0.12138882102024028,1.6564801913988094,-0.139061175202047
133,0,2507,2,1,0,1,1,1,0.1602421967151676,2.0723340754038464,-0.7168275132353451
134,0,2971,2,1,0,1,1,1,0.3773827800151006,1.6828369792200424,-0.48418542929559444
135,0,3185,2,1,1,2,1,1,0.46647113332285634,1.1264205886451835,-0.8210770776121409
136,0,3445,2,1,2,1,1,1,0.3929081690390333,1.4778444262616222,1.120721065241345
137,0,3319,2,1,2,1,1,1,0.323102238398013,1.7033390459065858,0.14181520402678174
138,0,3840,2,1,2,1,1,0,0.2223253359793167,1.4192691010077134,-1.0618356333916
139,0,4008,2,1,1,2,1,0,0.33466800863173773,0.6461366582515483,-0.8450522837777659
140,0,3547,2,1,0,2,1,1,0.5982312854069493,-0.0069212876678316215,-0.9013514358233108
141,0,3084,2,1,0,2,1,1,0.6137321186554393,0.8569909608214116,-0.5483300739938307
142,0,3438,2,1,1,1,1,1,0.7107028758804468,1.2816304407668595,0.5592521897415155
143,0,3833,2,1,2,1,1,1,0.7998219239075062,0.7954917892385348,0.21407632056472628
144,0,4238,2,1,2,2,1,1,0.865686652589901,0.4821412101894615,-0.4680041006994193
145,0,3919,2,1,2,2,1,0,1.1060017489643086,0.350357271083297,0.1179432280276392
146,0,3808,2,1,1,2,1,0,0.9974652215055765,0.18343094821548864,0.6474752707718593
147,0,2757,2,1,0,2,0,0,0.8462691731582286,0.716421425774836,0.5108630492027132
148,0,2433,2,1,0,2,1,1,0.8657357641407872,1.3431296123497363,0.3024155355323635
149,0,2549,2,1,1,2,1,1,1.2067049840566753,0.40307084672576277,-0.7648940595038887
150,0,3309,2,1,2,2,1,1,1.5399943852027178,0.06336347985545611,-1.0216274835465577
151,0,3461,2,1,2,1,1,1,1.5128848091134774,0.3474263962775755,0.21407632056472628
152,0,4232,2,1,2,2,1,0,1.0400326582362804,-2.267750319159171,1.3134130747522603
153,0,4414,2,1,1,2,1,0,0.691285396448774,-1.9221812026774223,0.8080239871941999
154,0,3473,2,1,0,2,1,1,0.7377142288679139,-1.204693210369444,-0.8691952389639255
155,0,3221,2,1,0,1,1,1,0.8734339997422154,0.17464535227507766,-0.668541602863026
156,0,3875,2,1,1,2,1,1,0.904460222014638,-0.19434967722218294,-0.8852733373936181
157,0,4070,2,1,2,2,1,1,1.113749096116623,-0.20898999429728385,-0.03475999574201019
158,0,3725,2,1,2,2,1,1,1.5516338227627717,-0.03913982510050654,-0.692736173132427
159,0,3352,2,1,2,1,1,0,1.7376438217446486,-0.4169204505381781,-0.5241355037244297
160,0,3771,2,1,1,2,1,0,1.4043789763740493,-0.15920729346053905,-0.6445147816141592
161,0,3237,2,1,0,2,1,1,1.2493460881137084,0.1892856693501781,-0.4600424741094349
162,0,2993,2,1,0,2,1,1,1.036244929874174,0.8452815185520326,-0.34756030395563775
163,0,4157,2,1,1,2,1,1,0.7804290002512768,-0.9352706110224251,1.4819750328478265
164,0,4164,2,1,2,2,1,1,0.7183765557064318,-0.8474146516183154,1.0165747310310325
165,0,4411,2,1,2,2,1,1,0.6950976805863234,-1.0963351842787914,-0.291493419784679
166,0,3222,2,1,2,1,1,0,0.741704542377426,0.42649675974127416,0.2060630788915008
167,0,3981,2,1,1,2,1,0,0.7726264026042153,0.7603494054768909,-0.6125779488585498
168,0,3312,2,1,0,2,1,1,1.0401063255626097,0.3005745702465527,-0.9173779191697621
169,0,3105,2,1,0,1,1,1,1.0517212073472206,0.2742177824253198,-1.1420067614362872
170,0,3311,2,1,1,1,1,1,0.741704542377426,0.8335650478059001,-0.451977617352968
171,0,4061,2,2,2,1,1,1,1.0013818676887594,1.00342224547943,-0.2513239812520682
172,0,3846,2,2,2,2,1,1,1.3462861506194126,0.5612115736531602,-0.23536201675966859
173,0,4044,2,2,2,1,1,0,1.3463107063948558,0.5319239110262057,0.6232807005024583
174,0,4022,2,2,1,2,1,0,1.1176350475805017,-0.38177806677653425,0.4067683300756417
175,0,3420,2,2,0,2,1,1,1.0361712625478448,-1.0143409744861238,0.24606476840357713
176,0,3385,2,2,0,2,1,1,1.001277505643126,-0.8034866719162607,-1.2383553469459072
177,0,3854,2,2,1,1,1,1,0.9974406657301335,0.21564245717141098,-1.0699004901480669
178,0,3916,2,2,2,2,1,1,1.3384835529723504,0.04579228797463418,-0.5963966202623742
179,0,4377,2,2,2,2,1,1,1.1060017489643086,-0.9118376695301611,0.9202867932442215
180,0,4488,2,2,2,2,1,0,0.9974652215055765,-1.3599030624911204,-0.06696780768463699
181,0,4116,2,2,1,2,1,0,1.0904947767719582,-1.6264018155091704,-1.134161268783596
182,0,2915,2,2,0,2,1,1,1.1834752204874535,-1.2866944486388638,-0.9734577071115315
183,0,2367,2,2,0,1,1,1,1.191253262359072,0.38549965484494086,0.49493979602274474
184,0,2978,2,2,1,1,0,0,1.1718664776467036,0.07214907579586707,-1.4068024614812613
185,0,3634,2,2,2,2,0,0,1.361688760766129,-0.26170356993974964,-0.8289870891188834
186,0,3845,2,2,2,2,1,1,1.2959713667363937,0.8130629811193567,-0.5241355037244297
187,0,3838,2,2,2,2,1,0,1.3035713792360493,0.1658597563346667,-0.4039110710844245
188,0,3348,2,2,1,1,1,0,1.2029663672454551,0.9155662860753203,0.44682163467095976
189,0,3348,2,2,0,2,1,1,1.1641375473259714,-0.12991963083358515,-0.291493419784679
190,0,3138,2,2,0,2,1,1,1.3229336081729746,-0.34663568301489034,-0.09072364974648608
191,0,3363,2,2,1,2,1,1,1.5671346560112613,0.05750173024401409,1.1850205551893052
192,0,3596,2,2,2,2,1,1,1.625276593316784,-0.4813434684500238,0.1258403357635719
193,0,3594,2,2,2,2,1,1,1.3191213240354251,0.028221096093812244,-0.572524644263232
194,0,4196,2,2,2,2,1,0,0.9857766723946358,-1.0641236753228687,0.6473204255221353
195,0,4220,2,2,1,2,1,0,0.9198873879367984,-0.2558488488050597,-0.09895625552348784
196,0,3505,2,2,0,2,1,1,1.0051695960508655,-0.2997768285071145,0.23020603407766038
197,0,3296,2,2,0,2,1,1,1.198976053735943,-0.165062014595229,0.7036582888801118
198,0,3617,2,2,1,2,1,1,1.408264927837928,0.1658597563346667,0.3264939718644717
199,0,3789,2,2,2,2,1,1,1.6756404887506895,0.16000503519997725,-0.7729589162603558
200,0,3688,2,2,2,2,1,1,1.6717790930622538,0.5582806988474387,-0.9895229017704137
201,0,3152,2,2,2,1,1,0,2.1599540478159778,0.44699882642781763,0.4067167149924003
202,0,2825,2,2,1,2,1,0,2.2491222073939237,-0.33198833746303735,-0.7406994892344877
203,0,2298,2,2,0,2,1,1,2.024381611594335,-0.8971973524550603,-0.76494567458713
204,0,2556,2,2,0,2,1,1,1.9663194805590019,-0.5399187937039316,-0.2752475723344518
205,0,3272,2,2,1,2,1,1,1.5128295586187301,0.9097045364638773,-1.2864218932144504
206,0,3840,2,2,2,2,1,1,1.3656238237808949,-0.6102035612272193,0.12589195084681332
207,0,3901,2,2,2,2,1,1,1.3268748101316004,-1.5795429610013947,-0.09082687991296892
208,0,3784,2,2,2,2,0,0,1.6291134332297768,-0.3114932992532465,-0.15513927363173968
209,0,3176,2,2,1,2,1,0,1.9119161600646983,-0.5984870904810874,-0.211154542719457
210,0,2916,2,2,0,2,1,1,1.5593566141396429,-1.1373393176518773,-0.2834285630282121
211,0,2778,2,2,0,2,1,1,1.567085544460375,-1.0319121663669457,-0.33148220552594504
212,0,3537,2,2,1,2,1,1,1.4043789763740493,-0.5399187937039316,-0.43595113400651675
213,0,4044,2,2,2,2,1,1,1.427578045223967,-0.958696524037937,0.19804983721827502
214,0,3107,2,2,2,1,1,1,1.2610039425053454,0.20978773603672152,-0.7086594263123954
215,0,3777,2,2,2,1,1,0,1.168005081958268,0.9126354112695988,0.08578703116825381
216,0,3843,2,2,1,2,1,0,1.1175368244787294,0.022359346482370226,-0.07491653050381077
217,0,2773,2,2,0,1,1,1,1.2377803178799838,0.8950642193887769,0.48709430337005344
218,0,2487,2,2,0,2,1,1,1.4780463027035056,0.8804239023136765,0.14175068517273007
219,0,3480,2,2,1,2,1,1,1.4043237258793022,-0.24999412767036974,0.021590771386776172
220,0,3695,2,2,2,2,1,1,1.5322470380504025,-0.4022731049863251,-0.5081606354612198
221,0,3896,2,2,2,2,1,1,1.2919810532268816,-1.4301878300144082,0.12589195084681332
222,0,3980,2,2,2,2,1,0,1.0865597137571932,-1.4331187048201293,-0.331701569629721
223,0,3854,2,2,1,2,1,0,1.1020359912302398,-1.494617876403006,-0.8372067911250746
224,0,2646,2,2,0,1,1,1,1.0517948746735508,0.716421425774836,0.27036256883946097
225,0,2482,2,2,0,1,1,1,0.9199917499824317,1.3343440164093252,0.41461382272833297
226,0,3563,2,2,1,2,1,1,0.8695234925028935,0.5934230826090825,0.23810314181359274
227,0,4004,2,2,2,2,1,1,1.0516659568524733,-0.34663568301489034,0.5913438677468489
228,0,4026,2,2,2,2,1,1,1.1795647132481317,-0.36713072122468127,-0.6043453430815483
229,0,3166,2,2,2,2,1,0,1.1524735539904742,0.1892856693501781,0.5510711990477551
230,0,3356,2,2,1,1,1,0,0.9742170411047721,0.6695695997438132,-0.6605928800438519
231,0,3277,2,2,0,2,1,1,1.0710588805087036,0.3269313580677856,-1.1101731588471606
232,0,2624,2,2,0,2,1,1,1.233918922191548,1.0004913706737084,0.7516732200654136
233,0,3925,2,2,1,2,1,1,1.0051143455561184,-1.1080516550249235,1.1129271876718951
234,0,4614,2,2,2,2,1,1,0.8075201595089342,-1.210547931504134,-0.5643952686527131
235,0,4181,2,2,2,2,1,1,0.9586916520808395,-0.15920729346053905,0.8078562381736654
236,0,3107,2,2,2,1,1,0,1.0517703188981076,1.012207841419841,0.2623493271662355
237,0,3893,2,2,1,2,1,0,1.1369727207419837,0.9389921990908318,-1.3747585274279257
238,0,889,2,2,0,1,1,1,0.9885514750197122,1.5627695108600104,2.3886842963784973
239,0,2919,2,2,0,2,1,1,1.0646927957250663,-0.4630834858474738,1.4730585272178767
240,0,3905,2,2,1,2,1,1,0.8191289023496846,-0.5135620058826987,-0.39584621432795725
241,0,4429,2,2,2,2,1,1,0.7377633404188001,-0.5574899855847536,-0.8451168026318175
242,0,4370,2,2,2,2,1,1,0.838546381781357,-0.20898999429728385,-1.3828775800217963
243,0,4332,2,2,2,2,1,0,0.8618743684523515,0.08093467173627804,-0.6284882982677079
244,0,3852,2,2,1,1,1,0,0.7997912291882024,0.6988502338940141,-0.6525796383706264
245,0,2549,2,2,0,2,0,0,0.974167929553886,0.6256416200417585,-0.06680005866410246
246,0,2419,2,2,0,2,1,1,1.171940144973033,0.8042773851789458,0.20601146380825938
247,0,2115,2,2,1,1,1,1,0.927714541359303,1.1439917805260054,0.2863890521859122
248,0,2506,2,2,2,0,1,1,0.24969274771071,1.822520926195825,1.9799702597315578
249,0,1878,2,2,2,0,1,1,0.42790014904552504,2.034260816836481,-1.2062572170551684
250,0,1689,2,2,2,0,1,0,0.4962388721038172,2.192275031182337,0.02898463206110529
251,0,3127,2,2,1,1,1,0,0.6410258630605025,1.8995530314013487,-0.8532332744715262
252,0,3595,2,2,0,2,1,1,0.8191534581251276,0.8862786234483659,-0.4760689574558862
253,0,3413,2,2,0,2,1,1,0.8269314999967461,0.605139553355215,-0.9735609372780141
254,0,4023,2,2,1,2,1,1,0.7833511375290121,0.45349313894696924,-1.3108784100313018
255,0,4062,2,2,2,2,1,1,0.7920929935867743,0.596353957414804,-0.6283850681012251
256,0,4138,2,2,2,2,1,1,0.935412776960731,0.4879959313241509,-0.29939052752061174
257,0,3231,2,2,2,1,1,0,0.48586405697908563,0.5729280443992927,1.0406144560507096
258,0,4018,2,2,1,1,1,0,-0.08012201121012627,-0.26170356993974964,-0.339611581136464
259,0,3077,2,2,0,1,1,1,0.024467175346119013,0.6373510623111374,-0.0106686556390917
260,0,2921,2,2,0,2,1,1,0.09828797527209494,0.47335561424905054,-0.15508765854849826
261,0,3848,2,2,1,1,1,1,0.33855396009561645,0.4382132304874066,-0.500147393787994
262,0,3203,2,2,2,1,1,1,0.3541591553897394,1.7824094093702845,-0.7167758981521037
263,0,3813,2,2,2,1,1,1,0.46660005114393277,1.914193348476449,-1.2142136821368286
264,0,4240,2,2,2,1,1,0,0.49379557244722355,1.9288336655515494,-0.8048957490159653
265,0,2137,2,1,1,1,1,0,0.29220493394666675,2.423757913020285,-1.4469654481284668
266,0,3647,2,1,0,1,1,1,0.5518024529878098,1.65062547026412,-1.4467512455330152
267,0,3466,2,1,0,1,1,1,0.6022952662427911,1.5276271270983666,-1.8081097336830605
268,0,3946,2,1,1,1,1,1,0.7030046402790187,1.5510530401138778,-1.0297439553862662
269,0,3643,2,1,2,1,1,1,0.6138855922519589,1.811697071997239,-0.9333398836621618
270,0,3427,2,1,2,1,1,1,0.6177715437158376,1.5539839149195993,-0.5403168323206052
271,0,4186,2,1,2,2,1,0,0.6138057859817686,0.502643276876005,-0.2273487750864428
272,0,4372,2,1,1,2,1,0,0.431583515361998,0.1395029685134338,0.20611469397474189
273,0,1949,2,1,0,1,1,1,-0.37854835017075356,0.8862786234483659,1.3135292086895538
274,0,2302,2,1,0,1,1,1,-0.7932094521915406,1.1527773764664164,0.4066134848259178
275,0,3240,2,1,1,1,1,1,-0.5063427445207775,0.9360613242851102,-1.382716282886667
276,0,3970,2,1,2,2,1,1,-0.010242413242776232,0.5787827655339821,0.19810145230151643
277,0,4267,2,1,2,2,1,1,0.3229794595207971,0.14243384331915532,-0.17099800795765643
278,0,4126,2,1,2,2,1,0,0.03621097495180638,-0.04792542104091751,-0.7167758981521037
279,0,4036,2,1,1,2,1,0,0.1834167097896422,0.39721612559107333,-2.1692540192376546
280,0,3174,2,1,0,2,0,0,0.23767269563128673,0.5172835939511053,-1.8723059934645385
281,0,3114,2,1,0,2,1,1,0.3036110916400109,0.7017811086997356,-1.6394471261751737
282,0,3603,2,1,1,2,1,1,0.4198949662510574,0.7457090884017905,-1.9123076829766148
283,0,3896,2,1,2,1,1,1,0.43936155723361636,1.2728448448264484,-0.6124101998380153
284,0,2199,2,1,2,0,1,1,0.26514446940831343,1.958121328178504,0.7438793424959637
285,0,2623,2,1,2,1,1,0,0.47440264879099425,1.8907674354609376,-0.6286044322050011
286,0,3115,2,1,1,1,1,0,0.33855396009561645,0.622710745236037,0.4307435362412671
287,0,3318,2,1,0,2,1,1,0.1485536476042274,-1.0143409744861238,0.8720524979551434
288,0,3293,2,1,0,2,1,1,0.17574302996365718,-0.9909080329938599,1.1770202172868902
289,0,3857,2,1,1,2,1,1,0.22222097393368334,-0.3378500870744794,-0.195140963143816
290,0,4111,2,1,2,1,1,1,0.2958637444876966,0.5202144687568269,-1.037653966893009
291,0,2170,2,1,2,0,1,1,0.24139289561092434,1.8805761441700601,0.6817993011273829
292,0,3724,2,1,2,2,1,0,-0.04912034471314664,0.0604326050497351,2.9907484348476796
293,0,3628,2,1,1,2,1,0,-0.3126590657129156,-0.3759163171650922,0.3986518582359334
294,0,2809,2,1,0,2,1,1,-0.30101962815286154,0.010649904212990311,-1.2624415255405013
295,0,2762,2,1,0,2,1,1,-0.32041255180909084,0.7984226640442563,-1.174104891327026
296,0,3488,2,1,1,2,1,1,-0.10718247574848003,1.015131687748809,-0.9253266419889362
297,0,3992,2,1,2,2,1,1,-0.06845801787462918,-0.03327807548906452,-0.30767474838085457
298,0,3490,2,1,2,1,1,1,-0.010316080569105953,0.6519984078629913,-0.5401490833000707
299,0,2419,2,1,2,1,1,0,-0.1073113935695565,1.302132507453403,0.09369704267499679
300,0,3291,2,1,1,1,1,0,-0.9559221592217271,-0.2939221073724246,0.5029530376959702
301,0,570,2,1,0,0,1,1,-1.5139460172234969,1.7911950053106955,2.075819469310818
302,0,2446,2,1,0,2,1,1,-0.9404704375241236,-0.027423354354374565,-0.17916609488060614
303,0,3307,2,1,1,2,1,1,-0.7272403614635128,0.5319239110262057,-1.0858753584112768
304,0,3658,1,1,2,2,1,1,-0.47539018957468454,0.3942852507853518,-0.7088142715621196
305,0,3816,1,1,2,2,1,1,-0.5180865441264649,0.6402819371168589,-1.3988989018599234
306,0,3656,1,1,2,2,1,0,-0.4211648984523436,0.5231383150857948,-0.692736173132427
307,0,3576,1,1,1,1,1,0,-0.43669028747627675,-0.03620895029478553,1.0487825429736588
308,0,2770,1,1,0,2,1,1,-0.924969604275634,-0.7624825385431747,-0.018578667145834667
309,0,2697,1,1,0,2,1,1,-0.6885957098598522,0.7515638095364799,-1.270345085161839
310,0,3662,1,1,1,2,1,1,-0.4521665649493233,0.9214210072100097,-1.7197730994695855
311,0,3829,1,1,2,2,1,1,-0.3823360785328594,0.6607840038034023,-1.5673473067723585
312,0,3804,1,1,2,2,1,1,-0.40177811373997535,0.9184901324042883,-1.6556310355255113
313,0,2743,1,1,2,1,1,0,-0.6188388907697177,1.3050563537823707,-0.018514148291782977
314,0,2928,1,1,1,2,0,0,-1.0295587908318793,-1.2749779778927317,1.6023026956543147
315,0,2792,1,1,0,2,0,0,-0.7157052859490922,-0.5252714481520786,0.2782080614921522
316,0,2713,1,1,0,2,1,1,-0.2699688501049957,-1.190052893294343,1.1770718323701315
317,0,3891,1,1,1,2,1,1,0.3074724873284465,-0.2851365114320136,1.4980531312775192
318,0,3746,1,1,2,1,1,1,0.20290785654764432,0.4294276345469957,0.11782709409034609
319,0,1672,1,1,2,0,1,1,-0.1383621716174223,2.1250476510463123,-0.6925813278827027
320,0,2914,1,1,2,1,1,0,-0.9288555557395127,-0.3642068748957123,1.4821298780975511
321,0,3147,1,1,1,2,1,0,-1.2388722207093075,-1.5297602601646498,-0.28348017811145354
322,0,2720,1,1,0,2,1,1,-0.921108208587198,-0.8825570353799593,0.4386535477480101
323,0,2733,1,1,0,1,1,1,-0.10723772624322678,0.4001399719200413,-0.05873520190763524
324,0,2545,1,1,1,0,1,1,-0.18088049679724005,1.9844781159997367,-0.6767742086400274
325,0,1538,1,1,2,0,0,0,-0.32432305904841263,2.3534731454969973,-0.9253266419889362
326,0,2454,1,1,2,1,1,1,-0.270048656375186,0.9155662860753203,1.875217448293159
327,0,935,1,1,2,2,0,0,-0.6265125705957026,-0.5516282359733116,-0.2993389124373703
328,0,1697,1,1,1,2,1,0,-0.5761732309372409,0.11314618069220089,-1.1820626467857671
329,0,1819,1,1,0,2,1,1,-0.5490636548480015,0.3796449337102514,-1.5753050622310996
330,0,2261,1,1,0,2,1,1,-0.11496051762009843,0.49678152726456193,0.23810314181359274
331,0,3614,1,1,1,2,1,1,0.09574031356986797,0.8110247228611817,-0.6242816689835348
332,0,2818,1,1,2,1,1,1,-0.14212534420408512,1.4280546969481243,0.8721686318924362
333,0,3425,1,1,2,2,1,1,-1.002522882068969,-0.1006389966833833,1.0407693013004335
334,0,3545,1,1,2,2,1,0,-1.0373122769280547,-0.7244163084525619,0.38267698997272354
335,0,3672,1,1,1,2,1,0,-0.8784425487547213,-0.012783037279273641,-1.15808485986598
336,0,2908,1,1,0,2,1,1,-1.006310610431075,-0.10356284301235225,-1.222225633432973
337,0,2851,1,1,0,2,1,1,-0.7699858275661798,1.0414884755700418,-1.3748127232653293
338,0,3578,1,1,1,1,1,1,-0.4948076690063569,1.4016979091268915,-1.655469738390382
339,0,2468,1,1,2,0,1,1,-0.11127715130362548,2.2626863112871662,0.5430063422912883
340,0,655,1,1,2,0,1,1,-0.4560034048623158,2.4091175959451845,0.9764698113524733
341,0,3172,1,1,2,2,1,0,-1.3357631716641247,-0.33491921226875837,0.6394620290986338
342,0,3359,1,1,1,2,1,0,-0.9637186179249277,0.47921033538373997,-1.3908340451034564
343,0,2688,1,1,0,2,1,1,-1.2776028175270189,-0.8444837768125945,0.5512389480682897
344,0,2366,1,1,0,2,1,1,-1.3589929352333465,-0.967482119978348,-1.5995525379608233
345,0,3167,1,1,1,2,1,1,-1.254373053957797,0.3034984165755206,-1.6394471261751737
346,0,3368,1,1,2,2,1,1,-1.0644218530172944,-0.26463444474547065,-0.6445663966974006
347,0,3562,1,1,2,1,1,1,-0.8359058067433215,0.2537157157387764,-1.671599451903316
348,0,3528,1,1,2,1,1,0,-0.3823913290276066,0.04579228797463418,1.0005611514553914
349,0,3399,1,1,1,1,1,0,-0.7041456546592281,-0.8942664776493392,0.9042086948145288
350,0,2464,1,1,0,1,1,1,-1.3822165598587075,-0.46963402618064387,0.6795798525480036
351,0,2211,1,1,0,2,1,1,-1.4054954349788158,-0.29099123256670356,-0.2674020796817609
352,0,3143,1,1,1,2,1,1,-1.1884592137245162,0.06921820099014607,-0.22718102606590826
353,0,3534,1,1,2,1,1,1,-0.4792822799824238,-0.22656118617810578,-1.6636958922819787
354,0,2553,1,0,2,1,1,1,-0.285518794904372,1.6213378076371656,0.39870347331917483
355,0,2841,1,0,2,1,1,0,-0.29715823246442596,0.9126354112695988,-1.8481656190325408
356,0,2046,1,0,1,2,1,0,-0.5955600156496097,0.41185644266617377,1.0806161455627858
357,0,856,1,0,0,2,0,0,-1.0760612905773486,-0.5984870904810874,-0.0025521837993833984
358,0,451,1,0,0,2,0,0,-1.1944262671572023,0.37709359664915526,-0.4569326653441412
359,0,887,1,0,1,2,1,1,-0.9760394782535294,-0.8483002396891088,0.6318100930080979
360,0,1059,1,0,2,1,1,1,-0.9017705354257158,0.9477777950312427,-0.026475774881767025
361,0,2047,1,0,2,2,1,1,-1.194346460887012,-0.8696949229231976,1.3350139870887818
362,0,2169,1,0,2,2,1,0,-1.2930729560562049,-0.3759163171650922,-0.917326304086521
363,0,2508,1,0,1,2,1,0,-0.9559221592217271,0.06336347985545611,-0.7247375247420881
364,0,1820,1,0,0,2,0,0,-0.3708255587938819,-0.08306780480256137,0.3826253748894821
365,1,1608,0,0,0,2,0,0,-0.6071748974342206,0.4557844223682286,0.021487541220293678
366,1,1707,0,0,1,2,1,1,-1.3642110375150165,-1.7314494290494762,1.7957302201014198
367,1,2147,0,0,2,2,1,1,-2.1378959933462696,-1.3101203616543757,2.260343391898783
368,1,2273,0,0,2,1,1,1,-2.1804879858524164,-1.4975487512087269,-0.07486491542056935
369,1,3132,0,0,2,2,1,0,-1.2039354911975628,-0.7273401547815309,-0.7808689277670985
370,1,3791,0,0,1,2,1,0,-0.8242111186885203,-0.6014179652868084,-0.29154503486792044
371,1,3451,0,0,0,2,1,1,-0.5141207863923959,-0.6746265791390651,-0.2031542048170418
372,1,2826,0,0,0,2,1,1,-0.8242663691832675,-1.1431940387865673,0.013422684463826452
373,1,2270,0,0,1,1,1,1,-1.3938314416433184,0.5202144687568269,-1.1820084509483637
374,1,3425,0,0,2,2,1,1,-0.955836214007676,0.1326291182496558,-0.03806336106945898
375,1,2085,0,0,2,1,1,1,-1.1768688877153486,1.5451983189791885,-0.76494567458713
376,1,3828,0,0,2,1,1,0,-0.5683951890656226,1.231847739930115,-0.12303469185559572
377,1,3040,0,0,1,2,1,0,-1.3822718103534548,-0.8444837768125945,2.420827589467072
378,1,2160,0,0,0,2,1,1,-1.7891303147271804,-1.195907614429033,-0.042824852498477076
379,1,2027,0,0,0,2,1,1,-1.9208843278674128,-1.465330213776052,0.7839842621745229
380,1,2081,0,0,1,2,1,1,-1.7426216760378506,-0.7390566255276628,0.5271992230486127
381,1,2808,0,0,2,1,1,1,-0.6768089376471392,0.6215651035254073,2.0469021189248293
382,1,3267,0,0,2,2,1,1,-1.2233222759099314,-1.2954800445792747,2.9024092198800417
383,1,3162,0,0,2,2,1,0,-1.746458515950843,-0.9147685443358822,0.38267698997272354
384,1,3048,0,0,1,1,1,0,-1.5566423717752775,-1.248621190071499,0.15804814770619868
385,1,1234,0,0,0,1,0,0,-1.8395433217119717,1.4309855717538458,0.4147299566656261
386,1,1781,0,0,0,1,1,1,-1.9170474879544204,1.1849888854223387,0.11789161294439778
387,1,2287,0,0,1,1,1,1,-1.4209717124518624,1.9932637119401477,-1.0296407252197832
388,1,3900,0,0,2,2,1,1,-0.7699367160152932,1.4631970807097683,-0.8611303822074585
389,1,3803,0,0,2,2,1,1,-1.1032015613858923,0.11314618069220089,-0.37976811589826454
390,1,3831,0,0,2,1,1,0,-0.7273201677337031,0.997560495867987,-1.5111088024496222
391,1,3187,0,0,1,1,1,0,-0.36307821164156756,0.7984226640442563,1.9635050481775551
392,1,3248,0,0,0,2,1,1,-0.909468771027144,-0.5926323693463974,0.2622977120829941
393,1,2685,0,0,0,2,1,1,-1.2388722207093075,-2.223822339457116,0.639358798932151
394,1,3498,0,0,1,2,1,1,-1.3008509979278233,-1.5941903065532477,0.32633912661474745
395,1,4185,0,0,2,2,1,1,-0.572207473203172,-1.482901405656874,0.9202351781609797
396,1,4275,0,0,2,2,1,1,-0.0490405384429568,-0.8415529020068734,-0.018514148291782977
397,1,3571,0,0,2,1,1,0,-0.46383055828482034,0.3181457621273746,-0.04277323741523566
398,1,3841,0,0,1,2,1,0,-1.0140334018079464,-0.7097689629007089,-0.15491990952796372
399,1,2448,0,0,0,1,1,1,-1.2388476649338642,1.0678452633912747,-0.8852733373936181
400,1,2629,0,0,0,1,1,1,-1.2892115603677692,0.42357291341230624,-0.18717933655383195
401,1,3578,0,0,1,2,1,1,-1.0933485564893275,-0.038500233716044864,-0.4735914334602994
402,1,4176,0,0,2,2,1,1,-0.6962939454612803,-0.9235541402762931,-0.5564465458335394
403,1,2693,0,0,2,1,1,1,-1.277547567032272,0.6695695997438132,-0.7326862475612619
404,1,3667,0,0,2,2,1,0,-1.3047615051671453,-0.4608484302402329,0.04561759263564298
405,1,3604,0,0,1,1,1,0,-1.1109550474820677,-0.6160582823619093,-0.9493663670086131
406,1,1977,0,0,0,0,1,1,-1.6185904542744893,0.7281378965209685,1.2812697816636855
407,1,1456,0,0,0,2,1,1,-2.289018374367288,-1.1461249135922882,2.8221864767521136
408,1,3328,0,0,1,2,0,0,-1.5139460172234969,-1.5209746642242388,-0.29960989162438767
409,1,3787,0,0,2,1,1,1,-0.8630153828325614,-0.8356981808721835,-0.6364499248576923
410,1,4028,0,0,2,2,1,1,-0.7544604385422466,-0.6775574539447861,-0.114866604932646
411,1,2931,0,0,2,1,1,0,-0.8862451464017832,0.8804239023136765,-1.2784641377557096
412,1,3805,0,0,1,2,1,0,-0.7544604385422466,0.04871613430360312,0.1979982221350336
413,1,2883,0,0,0,2,0,0,-0.7311570076466956,-0.6541315409292742,0.005512672957083484
414,1,2071,0,0,0,1,1,1,-1.2814335184961507,-0.7859154800354387,0.8079078532569072
415,1,2627,0,0,1,2,1,1,-1.2347591283225796,-0.8421924933913351,0.4978431444550728
416,1,3614,0,0,2,2,1,1,-1.1014089897785424,-0.23407462782634494,0.19633363570049892
417,1,4379,0,0,2,2,1,1,-0.5025304603832281,-0.419844296867147,0.5673686615812238
418,1,4546,0,0,2,2,1,0,-0.18466208621548538,-0.5135620058826987,0.00530621262411815
419,1,3241,0,0,1,1,1,0,-0.39016323195536445,0.7720658762230234,0.6073187360100587
420,1,2415,0,0,0,2,1,1,-1.3435166577603002,-1.6293326903148915,2.9825803479247295
421,1,2874,0,0,0,2,1,1,-1.265963379966965,-1.5297602601646498,0.19003659554504954
422,1,4069,0,0,1,2,1,1,-0.7156316186227625,-0.961627398843658,1.000445017518098
423,1,4134,0,0,2,2,1,1,-0.7428210009821927,-1.6293326903148915,0.03761725473322779
424,1,4665,0,0,2,2,1,1,0.005184752679384083,-0.08599165113153032,0.47079684083658485
425,1,2948,0,0,2,1,1,0,-0.7040412926135947,0.20685686123100003,-0.5883833785891488
426,1,3110,0,0,1,1,1,0,-0.3746869544823175,-0.0449945462351965,-0.3796648857317817
427,1,2713,0,0,0,2,1,1,-1.0528622217274306,-1.5766191146724255,1.8590361196969842
428,1,3130,0,0,0,2,1,1,-1.4325558995171694,-0.8532693727530054,0.49493979602274474
429,1,3735,0,0,1,2,1,1,-1.3474026092241786,-1.201762335563723,0.13385357743679735
430,1,4484,0,0,2,2,1,1,-0.5489838485778111,-0.8034866719162607,2.003661582939356
431,1,4896,0,0,2,2,1,1,0.3074233757775603,-0.42277517167286804,3.2396363662376566
432,1,4122,0,0,2,1,1,0,-0.47542088429398816,-1.5502623268511928,2.8942927480403333
433,1,3150,0,0,1,2,1,0,-1.207895109987771,-1.9485379904986553,0.45483487634418523
434,1,3253,0,0,0,2,1,1,-0.7050971909576503,-1.059154542258972,0.41402024927105685
435,1,4460,0,0,0,2,1,1,-0.09168164249999,-0.9733368411130379,0.22208956223795207
436,1,5085,0,0,1,2,1,1,0.4199195220265009,-0.07135133405642939,0.5993571094200747
437,1,5315,0,0,2,2,1,1,0.4548378347066629,-0.8474146516183154,-0.9734577071115315
438,1,5187,0,0,2,2,1,1,0.35789163325709855,-0.3378500870744794,-0.5241355037244297
439,1,3830,0,0,2,1,1,0,-0.2351057879195805,1.507125060411823,-0.9975877585268808
440,1,4681,0,0,1,1,1,0,0.18735791174826852,0.9009189405234663,-1.0296923403030247
441,1,3685,0,0,0,1,1,1,-0.06462117796163667,1.2816304407668595,-0.8209222323624166
442,1,5171,0,0,0,2,1,1,0.3578670774816554,0.7105667046401466,-0.3636900174685719
443,1,5042,0,0,1,2,1,1,0.39293272481447644,1.266990123691759,-0.8933381941500854
444,1,5108,0,1,2,1,1,1,0.23777091873305956,1.3607008042305582,-1.3025516067273846
445,1,5537,0,1,2,2,1,1,0.35016884188022734,1.4309855717538458,-0.9411982800856632
446,1,5893,0,1,2,1,1,0,0.586518180520566,0.46750089311436105,-0.9574828388483216
447,1,2339,0,1,1,1,1,0,0.07493543282565722,1.811697071997239,0.02943626403946745
448,1,3464,0,1,0,1,1,1,-0.2273768575988483,1.779478534564563,0.39063861656270793
449,1,4763,0,1,0,2,1,1,-0.21962951044653398,-1.0524072045767365,2.533258144537628
450,1,4571,0,1,1,2,1,1,-0.9753089439340956,-2.3731774704441024,-0.04270871856118397
451,1,5024,0,1,2,2,1,1,-0.02195551812915995,-1.0289812915612246,1.3054643519330866
452,1,5299,0,1,2,2,1,1,0.04774605046622744,-1.3247606787294766,1.6664989554357925
453,1,4663,0,1,2,1,1,0,-0.6071748974342206,-0.32906449113406844,-0.6766064596194928
454,1,3934,0,1,1,1,0,0,-0.3242493917220834,0.7779205973577128,0.7757129450850906
455,1,3694,1,1,0,1,1,1,-0.351389662530627,0.341571675142886,-0.2352974979056169
456,1,4728,1,1,0,2,1,1,-0.2886128226102089,-0.8666375355359345,1.569578732879274
457,1,5424,1,1,1,2,1,1,-0.08007289965924008,-1.6234709407034493,-1.1660981015392056
458,1,5378,1,1,2,2,1,1,0.36172847317009105,-1.1109825298306444,-0.12293146168911288
459,1,5265,1,1,2,2,1,1,-0.2662056775183325,-1.7816116676308469,0.3745605181330153
460,1,4653,1,1,2,2,1,0,-0.5141944537187252,-1.7611166294210558,1.4179465220868839
461,1,3605,1,1,1,2,1,0,-0.29710912091353936,-2.6250288779102995,1.088681002319253
462,1,2939,1,1,0,2,1,1,0.10987830128126275,-2.4727499005943443,0.5431740913118228
463,1,4680,1,1,0,2,1,1,0.012962794551002474,-2.1798943597550613,2.1638877050914376
464,1,5099,1,1,1,2,1,1,-0.2350812321441374,-1.3540483413564304,0.7596864617386391
465,1,4380,1,1,2,2,1,1,-0.8425849776638585,-1.1111090424121866,1.3519566381627677
466,1,4746,1,1,2,2,1,1,-0.533611933150398,-1.1344084428461563,1.289437868586635
467,1,5146,1,1,2,2,1,0,-0.2622460587281245,-1.5414767309107817,-0.4520292324362094
468,1,4665,1,1,1,2,1,0,0.08268891892183253,-0.8766952857685173,0.005357827707359569
469,1,4286,1,1,0,2,1,1,0.6098952787424469,-0.8415529020068734,0.44682163467095976
470,1,5172,1,1,0,2,1,1,0.8618989242277947,-0.4637722765692019,1.2171767520486905
471,1,5702,1,1,1,2,1,1,0.7609869650441613,-1.6673989204055042,1.0726545189728014
472,1,4020,1,1,2,1,1,1,-0.10736050512044269,-0.4110587009267361,-0.291493419784679
473,1,5719,1,1,2,2,1,1,0.11369058541881216,-0.10649371781807326,-1.6074560975821608
474,1,5950,1,1,2,2,1,0,0.25322264043066295,0.470424739443329,-0.5242903489741539
475,1,4083,1,1,1,2,1,0,0.4198704104756143,0.3884305296506624,1.2011502687022395
476,1,907,1,1,0,0,1,1,-0.5219479398149005,1.4602732343808003,1.987751233530198
477,1,3019,1,1,0,1,1,1,-1.0645016592874845,0.9770654576581971,1.4580514417654429
478,1,5115,1,1,1,2,1,1,-0.42508154463552644,-1.219333527444545,0.7597896919051219
479,1,5541,1,1,2,2,1,1,-0.02584146959303865,-1.4038310421931752,-0.9253266419889362
480,1,4551,1,1,2,1,1,1,0.055597759664175114,0.9067806901349094,-0.1790628647141233
481,1,5219,1,1,2,2,1,0,-0.1343779970517708,-1.5941903065532477,2.0275851740217394
482,1,3100,1,1,1,1,1,0,-0.5956152661443569,-0.970412994784069,-0.7810237730168228
483,1,4075,1,1,0,2,1,1,-0.14982357980551367,-0.2851365114320136,-0.9496373461956303
484,1,4907,1,1,0,1,1,1,-0.10332108006004442,-0.40520397979204614,-0.2434139697453252
485,1,5087,2,1,1,1,1,1,0.6292083961284859,0.22442805311182196,-0.4439643756797422
486,1,5502,2,1,2,2,1,1,0.38902221757515465,1.1908436065570283,-0.676722593556786
487,1,5657,2,1,2,1,1,1,0.38500734829019945,0.9887748999275761,-0.7330088418315206
488,1,5227,2,1,2,2,1,0,0.7145151600179962,0.757425559147923,-0.3556767757953464
489,1,4387,2,1,1,1,1,0,0.6757845632002843,0.9067806901349094,-0.48401768027506026
490,1,4224,2,1,0,1,1,1,0.4432966202483813,0.7896370681038453,-0.5241871188076711
491,1,5265,2,1,0,1,1,1,0.3230040152962402,0.25664659054449784,0.5189795210424215
492,1,4990,2,1,1,1,1,1,0.5091920436500802,0.40892556786045225,1.3616989851245802
493,1,4097,2,1,2,1,1,1,0.48189829924501665,0.8189247307307997,0.3343394645171627
494,1,5546,2,1,2,2,1,1,0.10593709932263687,-0.5311331977635206,1.5944055879183827
495,1,5711,2,1,2,2,1,0,0.28427341847852877,-1.8782532229753675,0.5991893603995401
496,1,4807,2,1,1,2,1,0,0.4315098480356683,-1.0348360126959146,-0.8693113729012185
497,1,3946,2,1,0,2,1,1,0.679652097832581,-0.3612760000899913,0.4466667894212355
498,1,2501,2,1,0,1,1,1,0.4627140996800541,1.1381300309145626,0.2863374371026708
499,1,4490,2,1,1,1,1,1,0.6254206677663795,1.1732724146762064,-0.5562787968130048
500,1,6433,2,1,2,2,1,1,0.7455659380658616,0.49385768093559396,-0.8773246145744443
501,1,6142,2,1,2,2,1,1,0.6021479315901321,-0.7566278174084847,0.5029014226127287
502,1,6118,2,1,2,2,1,0,0.470209750134076,-0.7332019043929728,-0.692736173132427
503,1,4884,2,1,1,2,1,0,0.5671252568643367,-1.204693210369444,-1.3745972302927965
504,1,4425,2,1,0,2,1,1,0.6718495001855195,-0.683412175079476,0.8241020856238926
505,1,3729,2,1,0,1,1,1,0.5595068275330984,1.2904160367072703,0.5510195839645138
506,1,5254,2,1,1,1,1,1,0.6525609385749236,0.971203708046754,-0.9333914987454033
507,1,4494,2,1,2,1,1,1,0.6758091189757275,1.032702879629631,-1.1420067614362872
508,1,5711,2,1,2,2,1,1,0.8114061109728133,0.6256416200417585,-0.22718102606590826
509,1,5317,2,1,2,2,1,0,0.9392741726491667,0.8394197689405896,-0.6445663966974006
510,1,3681,2,1,1,2,1,0,1.0323835341857386,0.7369234924613796,0.10955577700091353
511,1,3308,2,1,0,2,0,0,1.024580936538677,0.4879959313241509,0.31832588494152164
512,1,3486,2,1,0,2,1,1,1.2570934352660237,0.341571675142886,0.07767055932854551
513,1,4863,2,1,1,2,1,1,1.2183689773921724,0.4001399719200413,1.3535825132848713
514,1,6110,2,1,2,1,1,1,0.8385954933322436,0.2976436954408312,-0.7248407549085709
515,1,6238,2,1,2,2,1,1,0.9626021593201612,-0.946980053291805,0.061644075982094246
516,1,3594,2,1,2,1,1,0,0.8191534581251276,0.8979950941944984,0.6072671209268176
517,1,5325,2,1,1,2,1,0,0.5633191116706479,-0.5516282359733116,-0.05083809417170288
518,1,5147,2,1,0,2,1,1,0.617618070119318,-0.9440562069628361,-0.08277492692731231
519,1,5927,2,1,0,2,1,1,0.6369557432808002,-0.9879841866648909,1.2172283671319322
520,1,6033,2,1,1,1,1,1,0.3153303354702552,-0.1006389966833833,0.24611638348681855
521,1,6028,2,1,2,2,1,1,0.41600901478717867,-0.11527931375848423,-1.4629880603436751
522,1,6456,2,1,2,2,1,1,0.5826813406075735,-0.42570604647858906,-0.4277830470835667
523,1,6248,2,1,2,2,1,0,0.7571501251311689,-1.1226919721000244,-0.19508934806057493
524,1,4790,2,1,1,2,1,0,1.0671974848202672,-1.3394080242813295,-0.5963450051791328
525,1,4374,2,1,0,2,1,1,1.1602024843112055,-0.6277747531080413,-0.7326862475612619
526,1,5647,2,1,0,1,1,1,1.1368990534156544,-0.2792747618205716,0.22208956223795207
527,1,4495,2,1,1,1,1,1,0.7572299314013591,1.4456258888289462,0.31026102818505474
528,1,6248,2,1,2,2,1,1,0.8385218260059139,-0.3202788951936575,1.9714021559134878
529,1,6183,2,1,2,2,1,1,0.9199610552631277,-0.4081348545977671,0.8159210949301327
530,1,6102,2,1,2,2,1,0,0.7687650069157798,-0.26756531955119167,-0.17916609488060614
531,1,4739,2,1,1,2,1,0,0.7377878961942432,-0.8679096898281063,-0.3075586144435614
532,1,4344,2,1,0,2,1,1,0.5982312854069493,-0.2031352731625939,-0.5883833785891488
533,1,4446,2,1,0,1,1,1,0.4316633216321883,1.0561358211218959,-0.20330905006676606
534,1,5857,2,1,1,2,1,1,1.1060263047397518,0.4382132304874066,-0.5482139400565376
535,1,5339,2,1,2,2,1,1,1.5129339206643635,-0.24999412767036974,-0.9895874206244656
536,1,5127,2,2,2,2,1,1,1.7067219615178588,-0.419844296867147,-0.9253911608429879
537,1,4859,2,2,2,2,1,0,1.5322470380504025,-0.37884719197081324,-0.09884012158619473
538,1,4801,2,2,1,2,1,0,1.0943623114042547,-0.6541315409292742,-0.13911279028528842
539,1,4340,2,2,0,2,1,1,1.2261163245444866,-1.0436216086363257,-0.580370136915923
540,1,5640,2,2,0,2,1,1,1.1020359912302398,-0.8679096898281063,1.417882003232832
541,1,6365,2,2,1,2,1,1,0.7377633404188001,-1.7874734172422888,2.027701307959033
542,1,6258,2,2,2,2,1,1,1.0206949850747984,-1.8811840977810885,1.0487309278904178
543,1,5958,2,2,2,2,1,1,1.233839115921358,-1.44190430076054,-0.24325912449560094
544,1,4634,2,2,2,2,1,0,1.9158819177987674,-0.9762677159187589,-0.32368832795649555
545,1,4232,2,2,1,2,1,0,1.3074818864753712,-0.18556408128177196,-0.37976811589826454
546,1,4110,2,2,0,2,1,1,1.6949781619121715,-0.7654134133488958,-0.28353179319469496
547,1,5323,2,2,0,2,1,1,1.3966807407726212,-1.2691232567580417,0.06148923073236999
548,1,5608,2,2,1,2,1,1,1.4004377744154235,-0.952841802903247,-0.8292580683059009
549,1,4841,2,2,2,2,0,0,1.5826846008106372,-0.6248438783023202,-0.7168275132353451
550,1,4836,2,2,2,2,0,0,1.7608981410893136,-1.192976739623312,0.04551436246916014
551,1,4841,2,2,2,2,1,0,1.7066667110231117,-1.242766468936809,-0.5724085103259389
552,1,3392,2,2,1,2,1,0,2.0282245904511877,-0.952841802903247,-0.34772805297617226
553,1,3469,2,2,0,2,1,1,1.9391055424241281,-0.37884719197081324,-0.8371035609585921
554,1,5571,2,2,0,1,1,1,1.102109658556569,0.3913543759796303,-0.12293146168911288
555,1,5336,2,2,1,1,1,1,1.1680541935091542,0.28007250356000923,-0.500211912642046
556,1,6289,2,2,2,2,1,1,1.078886033931208,0.03993053836319216,-0.5002635277252871
557,1,6414,2,2,2,2,1,1,1.1059710542450045,-0.6892739246909181,-0.5642404234029889
558,1,5988,2,2,2,1,1,0,1.187312060400446,-0.9967697826053019,-1.4149215140751317
559,1,4614,2,2,1,1,1,0,1.175703317559696,0.502643276876005,-0.6041904978318241
560,1,4111,2,2,0,2,1,1,1.4160675254849895,0.6344272159821694,-0.3075586144435614
561,1,5742,2,2,0,2,1,1,1.5322715938258458,0.12193177663261186,-0.33955996605322253
562,1,5865,2,2,1,2,1,1,1.7260043841845938,-0.8562002475587264,-0.9816257940344811
563,1,4914,2,2,2,2,1,1,1.6640010511906353,-0.35542127895530135,-0.6846713163759598
564,1,5703,2,2,2,2,1,1,1.4740559891939935,-0.19141880241646192,-0.3235334827067713
565,1,5123,2,2,2,1,1,0,0.8502349308922976,1.521772405963677,0.23827089083412725
566,1,3195,2,2,1,0,1,0,0.46278776700638335,1.6711275369506635,0.2941829297553621
567,1,4866,2,2,0,1,1,1,0.9122382638862564,0.9477777950312427,-1.246258906567245
568,1,5831,2,2,0,2,1,1,1.3228844966220883,0.46750089311436105,-0.668657736800319
569,1,6452,2,2,1,2,1,1,1.4237657610864176,0.1922165441558996,0.27036256883946097
570,1,6790,2,2,2,2,1,1,1.102109658556569,-1.248621190071499,-0.3316499545464796
571,1,5825,2,2,2,2,1,1,1.6252029259904548,-0.2177755902376948,1.2169702917157255
572,1,5645,2,2,2,2,1,0,1.5942258152689188,-0.23242293578954779,-0.48401768027506026
573,1,4451,2,2,1,2,0,0,1.3694606636938873,-0.1006389966833833,-0.4277830470835667
574,1,4444,2,2,0,2,1,1,1.187312060400446,-0.027423354354374565,-0.2594404530917765
575,1,6065,2,2,0,2,1,1,1.2920056090023246,0.28885809950042024,-0.475952823518593
576,1,6248,2,2,1,2,1,1,1.1563902001736561,0.5377856606376488,-0.3235850977900127
577,1,6506,2,2,2,2,1,1,1.1834752204874535,0.350357271083297,-0.6364499248576923
578,1,6278,2,2,2,2,1,1,1.4276824072696004,0.22442805311182196,-0.7890370146900486
579,1,5847,2,2,2,1,1,0,1.5245488024489744,0.10436058475178993,0.32633912661474745
580,1,4479,2,2,1,2,1,0,1.6988948080953543,-0.1006389966833833,0.8639876411986762
581,1,3757,2,2,0,2,1,1,1.5749618094337658,0.17464535227507766,1.289334638420153
582,1,5780,2,2,0,1,1,1,1.4470691919819696,0.18636182302121013,-0.7890370146900486
583,1,5995,2,2,1,1,1,1,1.3695650257395207,0.5348547858319272,-0.9496373461956303
584,1,6271,2,2,2,1,1,1,1.431543802958036,0.3181457621273746,-1.0297439553862662
585,1,6090,2,2,2,2,1,1,1.3811492128048275,-0.05084926736988645,-0.44391276059650076
586,1,4721,2,2,2,1,1,0,1.1873673108951932,0.6197798704303155,0.6233968344397517
587,1,4052,2,2,1,1,1,0,1.0051941518263088,0.739854367267101,0.2061663090579833
588,1,4362,2,2,0,2,1,1,1.0439431654756022,-0.683412175079476,-0.8773246145744443
589,1,5676,2,2,0,2,1,1,1.1524489982150303,-0.5779850237945444,-0.7005429544726871
590,1,5656,2,2,1,2,1,1,1.2416171577929762,0.4147873174718953,-0.2754153213549863
591,1,6149,2,2,2,2,1,1,1.1020052965109357,-0.05671101698132847,-0.2675053098482437
592,1,6267,2,2,2,2,1,1,1.1060017489643086,-0.7624825385431747,-0.6284882982677079
593,1,5665,2,2,2,2,1,0,-1.425011137512261,-0.39934925865735615,0.5271476079653715
594,1,5038,2,2,1,2,1,0,0.8812120416138337,-0.17092376420667105,-0.16303638136767204
595,1,3341,2,2,0,1,1,1,0.7920929935867743,0.5904992362801146,-1.342660397537187
596,1,5504,2,2,0,1,1,1,0.7455168265149754,0.748639963207512,-0.7809721579335813
597,1,5925,2,2,1,2,1,1,0.7765676045628412,0.3240004832620641,-1.5191736592060892
598,1,6281,2,2,2,2,1,1,0.9044356662391949,0.3474263962775755,-1.5512717890968277
599,1,6402,2,2,2,2,1,1,0.9974652215055765,0.05750173024401409,-1.366586569373733
600,1,6257,2,2,2,1,1,0,1.0594194429486488,-0.08892252593725133,-1.527238515962556
601,1,4224,2,2,1,1,1,0,0.8850488815268263,0.5992848322205255,0.6955934321236446
602,1,3772,2,2,0,1,1,1,0.7456948558869385,1.5334818482330559,0.49493979602274474
603,1,5928,2,2,0,2,1,1,1.1060017489643086,0.7222831753862791,-0.7970502563632741
604,1,6105,2,2,1,2,1,1,1.1757524291105823,-0.05378014217560746,0.005461057873842407
605,1,6520,2,2,2,2,1,1,0.989638068083072,-0.5311331977635206,-1.0057171341373996
606,1,6541,2,2,2,2,1,1,1.0942825051340643,-0.26170356993974964,-1.463095161641401
607,1,5917,2,2,2,2,1,0,1.3190967682599821,-0.2822056366262926,-0.28348017811145354
608,1,3788,2,2,1,1,1,0,1.4004623301908665,0.07507292212483602,-0.9976522773809324
609,1,3197,2,2,0,1,0,0,1.0710834362841466,1.3167728245285033,-1.6314364652561104
610,1,4069,2,2,0,2,1,1,1.1486121583020379,1.1469156268549734,-0.5081606354612198
611,1,5997,2,2,1,2,1,1,1.3036757412816826,0.8950642193887769,0.5912406375803664
612,1,6280,2,2,2,2,1,1,1.4393157058857942,0.7984226640442563,-0.03475999574201019
613,1,5592,2,2,2,1,1,1,1.1099368119790736,1.284561315572581,-0.6204234415112411
614,1,6459,2,2,2,2,1,0,1.121447331718051,0.7632802802826124,-0.24331073957884236
615,1,4419,2,2,1,1,1,0,0.838546381781357,1.2054909521088821,1.169110205780147
616,1,5657,2,2,0,2,1,1,0.640896945239426,-0.5633447067194435,0.4386535477480101
617,1,6407,2,2,0,2,1,1,0.5594270212629082,-0.8708405646338273,0.8801818735656616
618,1,6697,2,2,1,2,1,1,0.48967634111663505,-0.7566278174084847,-1.270345085161839
619,1,6820,2,2,2,2,1,1,0.5865672920714522,-0.35542127895530135,-0.7568808178306632
620,1,6750,2,2,2,2,1,1,0.6447828967033051,0.06628732618442505,-1.390781139643134
621,1,6630,2,2,2,2,1,0,0.7339510562812507,0.31521488732165315,-1.1179670364166103
622,1,5554,2,2,1,2,1,0,0.6835134935210165,-0.8854808817089282,0.7357628706562555
623,1,5167,2,2,0,2,1,1,0.5439016322389755,-0.40520397979204614,-1.2944867499709176
624,1,5847,2,2,0,1,1,1,0.4820517728415362,0.7515638095364799,-0.500147393787994
625,1,3702,2,2,1,1,1,1,0.555823461216626,1.7209102377874077,2.156029308667936
626,1,6803,2,2,2,2,1,1,0.40441868877801085,-0.6394841953774212,0.31837750002476306
627,1,6781,2,2,2,2,1,1,0.35400568179321984,-0.06549661292173944,-0.9333914987454033
628,1,6917,2,2,2,2,1,0,0.5982067296315062,0.28885809950042024,-0.4680557157826607
629,1,5883,2,2,1,2,1,0,0.8346604303174783,0.13364824737874434,1.2010986536189978
630,1,5453,2,1,0,2,1,1,0.2726094251430317,-1.1285537217114663,0.42267867948479987
631,1,6435,2,1,0,2,1,1,0.1718079669488923,-0.946980053291805,-0.620642805615017
632,1,6693,2,1,1,2,1,1,0.4275932018524859,-0.40520397979204614,0.5912406375803664
633,1,6946,2,1,2,2,1,1,0.7494825842490443,0.022359346482370226,0.6954902019571617
634,1,6642,2,1,2,1,1,1,0.819233264395318,0.4440679516220961,-0.7246730058880364
635,1,6370,2,1,2,1,1,0,0.6834889377455735,0.4382132304874066,-0.3396631962197054
636,1,5966,2,1,1,2,1,0,0.34236624423316586,-0.5955562156753663,0.4787584674265692
637,1,4874,2,1,0,2,1,1,0.26481296643983077,-0.3114932992532465,-0.7167242830688626
638,1,6015,2,1,0,1,1,1,0.23004812735618835,0.15121943925956627,-1.286474798674773
639,1,4324,2,1,1,0,1,1,0.41626071148547106,1.7150555166527184,-1.1100699286806777
640,1,6844,2,1,2,1,1,1,0.7649527227782303,1.1674176935415168,-1.5994996325005006
641,1,6437,2,1,2,1,1,1,0.819233264395318,0.6695695997438132,-0.9414047404186289
642,1,6640,2,1,2,2,1,0,0.6486442923917408,-0.0010665665331416646,-1.0858753584112768
643,1,4934,2,1,1,2,1,0,0.39285905748814715,0.25664659054449784,1.0003417873516152
644,1,2729,2,1,0,1,1,1,-0.3358826903382768,0.5670662947878496,-0.6366692889614682
645,1,4604,2,1,0,1,1,1,-0.5335873773749545,0.5758518907282606,-0.01061704055585028
646,1,5791,2,1,1,1,1,1,-0.22354615662971677,0.9419230738965533,-0.0026037988826248175
647,1,6911,2,1,2,2,1,1,0.1756693626373279,0.022359346482370226,-0.034592246721475664
648,1,6736,2,1,2,2,1,1,-0.26618112174288944,-1.1549105095326992,-0.11491822001588742
649,1,6222,2,1,2,2,1,0,-0.25449257263194924,-0.6219130034965993,0.5753819032544493
650,1,4857,2,1,1,2,1,0,-0.5103330580302896,-0.9352706110224251,-0.5724085103259389
651,1,4559,2,1,0,2,0,0,0.2067446964606368,0.0897202676766895,1.1369540089207615
652,1,5115,2,1,0,1,1,1,0.3967204531765827,0.5612115736531602,1.3618022152910632
653,1,6612,2,1,1,2,1,1,-0.08398340689856189,-0.48720521806146583,-0.1068533632594202
654,1,6482,2,1,2,2,1,1,-0.1499033860757035,0.4587152971739501,-1.1501232332759956
655,1,6501,2,1,2,1,1,1,0.23388496726918084,0.7076358298344251,0.5991893603995401
656,1,4671,2,1,2,1,1,0,0.38902221757515465,1.3167728245285033,-0.7167758981521037
657,1,5284,2,1,1,2,1,0,-0.010340636344549048,-0.38470191310550317,-0.941520874355922
658,1,4692,2,1,0,2,1,1,-0.11109912193166283,-0.8269125849317726,-0.3154686259503044
659,1,6228,2,1,0,2,1,1,0.05166269664940979,-0.4169204505381781,-1.4067495560209387
660,1,6625,2,1,1,2,1,1,0.342415355784052,0.09850586361710048,-1.2381940498107777
661,1,6898,2,1,2,2,1,1,0.5168657234760653,0.0604326050497351,-1.5190652675312823
662,1,6484,2,1,2,1,1,1,0.3386337663658067,1.2142765480492932,-0.8532848895547673
663,1,6262,2,1,2,1,1,0,0.29604177385965924,1.261128374080316,-0.7488675761574374
664,1,5209,2,1,1,1,1,0,0.2492814384720371,0.6490675330572698,0.5831241657406577
665,1,3461,2,1,0,1,1,1,-0.041471220662605154,0.470424739443329,2.6776126285929824
666,1,20,2,1,0,0,1,1,-0.2156391969370219,1.7736238134298736,2.1639393201746793
667,1,1009,2,1,1,1,1,1,-1.0105771764143228,1.3902555489741009,0.2904279324495511
668,1,5147,2,1,2,1,1,1,-0.6963185012367235,0.2742177824253198,-0.3075586144435614
669,1,5520,1,1,2,1,1,1,-0.6420379596196358,-0.3232027415226264,-0.4278346621668081
670,1,5229,1,1,2,2,1,0,-0.7273692792845893,-0.7419875003333839,0.9764698113524733
671,1,4109,1,1,1,1,1,0,-0.9250187158265202,-0.958696524037937,1.0326528294607251
672,1,3906,1,1,0,2,1,1,-0.8900758473709147,-0.6658409831986541,-0.14702280179203137
673,1,4881,1,1,0,2,1,1,-1.021835999455008,-0.9381944573513941,0.5912922526636074
674,1,5220,1,1,1,2,1,1,-1.1845671233167767,-0.42570604647858906,-0.21921939947592423
675,1,4709,1,1,2,1,1,1,-1.2272082273738103,-0.5633447067194435,1.4659485495013755
676,1,4975,1,1,2,2,1,1,-0.8142414738586002,-2.067593358206352,2.0301917357254298
677,1,5283,1,1,2,2,1,0,-0.7312306749730249,-0.6102035612272193,0.310415873434779
678,1,4446,1,1,1,2,1,0,-0.4947340016800272,0.12486265143833337,-1.7117624385505221
679,1,4562,1,1,0,2,0,0,-0.3242186970027793,0.221504206782854,-0.8129606057724322
680,1,5172,1,1,0,2,1,1,0.005258420005713368,0.8013535388499777,-0.2191677843926828
681,1,3767,1,1,1,1,1,1,-0.9288309999640696,0.2478609946040869,1.9554918065043296
682,1,5122,1,1,2,2,1,1,-1.1845916790922197,-0.5311331977635206,0.11772386392386325
683,1,5125,1,1,2,1,1,1,-0.9210529580924512,-0.05084926736988645,-0.48408219912911193
684,1,5214,1,1,2,2,1,0,-0.7816252651262338,-0.7244163084525619,-0.2513239812520682
685,1,4316,1,1,1,2,1,0,-0.9094442152517009,-0.5779850237945444,-0.13900956011880558
686,1,3747,1,1,0,2,1,1,-0.8396873961615667,0.4587152971739501,0.478861697593052
687,1,5050,1,1,0,1,1,1,-0.6071748974342206,-0.030354229160095572,0.5750593089841908
688,1,5100,1,1,1,1,1,1,-0.5761977867126845,0.40307084672576277,-1.3907269438057306
689,1,4531,1,1,2,2,1,1,-0.6730396261166155,-0.0977081218776623,-1.1259286630065946
690,1,1470,1,1,2,2,1,1,-0.7621832299191179,-0.33198833746303735,-1.7759586983319995
691,1,2307,1,1,2,2,1,0,-0.5877881127218523,-0.4139895757324571,-0.5481623249732962
692,1,1745,1,1,1,2,1,0,-1.3860779555471434,-1.5678335187320147,2.404865624974673
693,1,2115,1,1,0,2,1,1,-1.3318035528739165,-1.1197681257710554,-0.5161738771344453
694,1,4750,1,1,0,2,1,1,-0.8319646047846956,-0.6482697913178321,-1.8562304757890076
695,1,3836,1,1,1,1,1,1,-1.1846223738115238,1.1176349927047726,0.607254217156007
696,1,5062,1,1,2,2,0,0,-1.134258478377619,-0.8532693727530054,0.26219448191651124
697,1,5080,1,1,2,2,0,0,-1.0810952245431948,-0.5060485642344595,-0.9675219725387717
698,1,5306,1,1,2,2,1,0,-0.9248897980054438,0.1541432855885342,-1.703697581794055
699,1,4240,1,1,1,1,1,0,-0.9676352641081105,1.258204527751348,-1.6877820708765725
700,1,3757,1,1,0,1,1,1,-0.7079333830213344,1.3753411213056586,-0.8532332744715262
701,1,5679,1,1,0,2,1,1,-0.11498507339554152,0.9829201787928865,-1.390781139643134
702,1,6055,1,1,1,2,1,1,-0.033594955689213946,0.7457090884017905,-0.2112706766567501
703,1,5398,1,1,2,2,1,1,-0.2855494896236756,-1.002624503739992,1.7229013376478202
704,1,5035,1,1,2,2,1,1,-1.327991268736367,-0.8356981808721835,-0.20320581990028322
705,1,4659,1,1,2,1,1,0,-0.936609041835688,0.9594942657773752,-0.7729589162603558
706,1,4429,1,1,1,1,1,0,-0.5219233840394574,1.9932637119401477,-1.150020003109513
707,1,2787,1,1,0,1,1,1,-0.5180067378562746,1.9522666070438144,-0.4197181903270998
708,1,4841,1,1,0,1,1,1,-0.2391206572045361,2.0899052672846685,-0.002500568716141979
709,1,5219,1,1,1,1,1,1,-0.8358996677994605,-0.2177755902376948,1.3618022152910632
710,1,5009,1,1,2,1,1,1,-1.087749839688289,-0.6277747531080413,-0.35568967956615666
711,1,5107,1,1,2,2,1,1,-1.107087512849771,-0.9967697826053019,-0.2112706766567501
712,1,5182,1,1,2,2,1,0,-1.107062957074328,0.10729145955751145,-0.7648424444206472
713,1,4280,1,1,1,2,1,0,-0.835776888922245,0.16000503519997725,-1.0858753584112768
714,1,3248,1,1,0,1,1,1,-0.642062515395079,1.4836991473963117,-1.158239705115704
715,1,4373,1,1,0,1,1,1,-0.44830516926088765,1.9639760493131933,-1.1902888006773635
716,1,5124,1,1,1,2,1,1,-0.3979167180515397,0.2712869076195983,0.39875508840241625
717,1,4934,1,1,2,2,1,1,-0.8125778200723268,-0.015706883608242586,-0.08271040807326062
718,1,3814,1,1,2,1,1,1,-0.8552127851854995,0.28300337836573075,-0.7489191912406788
719,1,3402,1,0,2,1,1,0,-1.0605604573288587,-0.49891466033084575,2.3727610431985284
720,1,1544,1,0,1,2,1,0,-1.4636066775650352,-1.3101203616543757,2.798108040420005
721,1,1379,1,0,0,2,1,1,-1.3202132268647488,-0.7888393263644077,-0.7409188533382636
722,1,746,1,0,0,1,0,0,-1.3237185638092586,1.1502260394053203,-1.4616280029002646
723,1,573,1,0,1,1,0,0,-1.1053870254003328,0.7529695048869464,-0.2809897503450565
724,1,432,1,0,2,0,1,1,-1.56047921168827,1.3753411213056586,1.6264456508404745
725,1,1867,1,0,2,1,1,1,-1.5217486148705583,0.17757622708079918,2.0598446010476077
726,1,2451,1,0,2,1,1,0,-1.3473780534487356,-0.26463444474547065,-0.4520292324362094
727,1,1182,1,0,1,1,1,0,-1.425011137512261,0.8804239023136765,-0.8531816593882848
728,1,1432,1,0,0,2,1,1,-1.4906978368226926,-1.0143409744861238,2.067857842720833
729,1,2290,1,0,0,1,0,0,-1.5411169827513447,-0.3524904041495803,-0.4600940891926763
